1.0,0.0,0.999525249004364,0.000474455242510885
1.0,0.0,0.9997122883796692,0.0002913444768637419
1.0,0.0,0.9997041821479797,0.0002996823168359697
1.0,0.0,0.9989768862724304,0.001028510625474155
1.0,0.0,0.9997280836105347,0.0002758026821538806
1.0,0.0,0.9976789951324463,0.0023249676451087
1.0,0.0,0.9994857311248779,0.000512121943756938
1.0,0.0,0.9997459053993225,0.00025788883795030415
1.0,0.0,0.9997135400772095,0.0002901851839851588
1.0,0.0,0.9998025298118591,0.00020034842600580305
1.0,0.0,0.9994399547576904,0.0005572651862166822
1.0,0.0,0.9997585415840149,0.00024503516033291817
1.0,0.0,0.9994300007820129,0.0005671739927493036
1.0,0.0,0.9996067881584167,0.0003940801543649286
1.0,0.0,0.9993030428886414,0.0006939218146726489
1.0,0.0,0.9993656873703003,0.0006325847352854908
1.0,0.0,0.999759316444397,0.00024438046966679394
1.0,0.0,0.0,1.0
1.0,0.0,0.999704897403717,0.0002990213397424668
1.0,0.0,0.9997726678848267,0.0002304465015185997
1.0,0.0,0.9996033310890198,0.0003979584143962711
1.0,0.0,0.9994032979011536,0.0005937200621701777
1.0,0.0,0.9996693134307861,0.0003339024551678449
1.0,0.0,0.9993141293525696,0.0006858501001261175
1.0,0.0,0.9996665716171265,0.00033667637035250664
1.0,0.0,0.999703586101532,0.00030017588869668543
1.0,0.0,0.9998061060905457,0.00019668872118927538
1.0,0.0,0.9997232556343079,0.0002807548735290766
1.0,0.0,0.9997228384017944,0.000281224783975631
1.0,0.0,0.9995828866958618,0.00041754014091566205
1.0,0.0,0.9995590448379517,0.000440653704572469
1.0,0.0,0.999538242816925,0.0004613315686583519
1.0,0.0,0.999771237373352,0.00023209280334413052
1.0,0.0,0.9997429847717285,0.00026083242846652865
1.0,0.0,0.9996104836463928,0.0003902603348251432
1.0,0.0,0.9994433522224426,0.000553958467207849
1.0,0.0,0.999618411064148,0.000383028294891119
1.0,0.0,0.999539852142334,0.0004589496529661119
1.0,0.0,0.9996148347854614,0.00038710105582140386
1.0,0.0,0.9990924596786499,0.0009065463091246784
1.0,0.0,0.9996957778930664,0.0003078249574173242
1.0,0.0,0.9996674656867981,0.0003355297085363418
1.0,0.0,0.9990870356559753,0.0009149859542958438
1.0,0.0,0.9993671178817749,0.0006311484612524509
1.0,0.0,0.9996391534805298,0.00036405763239599764
1.0,0.0,0.9990332722663879,0.0009687223937362432
1.0,0.0,0.9997044801712036,0.00029903475660830736
1.0,0.0,0.9997198581695557,0.000284049310721457
1.0,0.0,0.9998005032539368,0.00020247914653737098
1.0,0.0,0.9992644190788269,0.0007330114603973925
1.0,0.0,0.9995022416114807,0.0004958123899996281
1.0,0.0,0.9997351765632629,0.0002688165695872158
1.0,0.0,0.999595046043396,0.0004057994519826025
1.0,0.0,0.999360978603363,0.0006362158455885947
1.0,0.0,0.9996121525764465,0.00038884469540789723
1.0,0.0,0.999788761138916,0.00021434832888189703
1.0,0.0,0.9996660947799683,0.00033739773789420724
1.0,0.0,0.9992751479148865,0.0007232967182062566
1.0,0.0,0.9999997615814209,2.319285243856939e-07
1.0,0.0,0.999640703201294,0.0003615773457568139
1.0,0.0,0.9993667602539062,0.0006301134708337486
1.0,0.0,0.9995362162590027,0.00046301496331579983
1.0,0.0,0.9996721148490906,0.0003313958295620978
1.0,0.0,0.999085545539856,0.0009169469121843576
1.0,0.0,0.9997792840003967,0.00022358278511092067
1.0,0.0,0.9995765686035156,0.00042369725997559726
1.0,0.0,0.9954594373703003,0.004568485077470541
1.0,0.0,0.9996709823608398,0.00033247718238271773
1.0,0.0,0.996173620223999,0.003839557059109211
1.0,0.0,0.9996770620346069,0.00032644643215462565
1.0,0.0,0.9488028883934021,0.051231756806373596
1.0,0.0,0.9996039867401123,0.00039680986083112657
1.0,0.0,0.9996675252914429,0.0003360539267305285
1.0,0.0,0.9996502995491028,0.0003538531600497663
1.0,0.0,0.9993886351585388,0.0006080298335291445
1.0,0.0,0.999639630317688,0.0003614239685703069
1.0,0.0,0.9998895525932312,0.00011183827882632613
1.0,0.0,0.999438464641571,0.0005586937186308205
1.0,0.0,0.9996121525764465,0.0003896096022799611
1.0,0.0,0.9993378520011902,0.0006594028673134744
1.0,0.0,0.9996357560157776,0.0003664440882857889
1.0,0.0,0.9996817111968994,0.00032162631396204233
1.0,0.0,0.9996629357337952,0.0003410483186598867
1.0,0.0,0.9987565875053406,0.0012465744512155652
1.0,0.0,0.999454915523529,0.0005423366092145443
1.0,0.0,0.9997234344482422,0.00028038438176736236
1.0,0.0,0.9990370869636536,0.0009627375402487814
1.0,0.0,0.999401867389679,0.0005951151251792908
1.0,0.0,0.999233603477478,0.0007636699010618031
1.0,0.0,0.9999369978904724,6.384374137269333e-05
1.0,0.0,0.9995583295822144,0.00044325730414129794
1.0,0.0,0.9995201230049133,0.00047888350673019886
1.0,0.0,0.999595046043396,0.00040525957592763007
1.0,0.0,0.9996243715286255,0.00037654043990187347
1.0,0.0,0.9993166923522949,0.0006825767341069877
1.0,0.0,0.9990553855895996,0.0009447788470424712
1.0,0.0,0.9997062087059021,0.00029783631907776
1.0,0.0,0.9992199540138245,0.000777392357122153
1.0,0.0,0.9996550679206848,0.000347767083439976
1.0,0.0,0.9997055530548096,0.00029834022279828787
1.0,0.0,0.9997630715370178,0.00024010520428419113
1.0,0.0,0.9823752045631409,0.017658254131674767
1.0,0.0,0.9995089173316956,0.0004905295209027827
1.0,0.0,0.999595046043396,0.00040575204184278846
1.0,0.0,0.9992468953132629,0.0007508562412112951
1.0,0.0,0.9994553327560425,0.0005419242661446333
1.0,0.0,0.9967337846755981,0.0032773171551525593
1.0,0.0,0.9999992251396179,7.905461529844615e-07
1.0,0.0,0.9995311498641968,0.00046740463585592806
1.0,0.0,0.9997147917747498,0.0002890858449973166
1.0,0.0,0.9996777176856995,0.00032584165455773473
1.0,0.0,0.9900184273719788,0.010008207522332668
1.0,0.0,0.9999967813491821,3.2668799576640595e-06
1.0,0.0,0.9994065761566162,0.0005905488505959511
1.0,0.0,0.9990079402923584,0.0009932465618476272
1.0,0.0,0.9995620250701904,0.0004387499357108027
1.0,0.0,0.999999463558197,5.592527259068447e-07
1.0,0.0,0.9996323585510254,0.0003701286041177809
1.0,0.0,0.9995332956314087,0.00046541023766621947
1.0,0.0,0.9991899728775024,0.0008097728714346886
1.0,0.0,0.9997538328170776,0.00024967253557406366
1.0,0.0,0.9996880292892456,0.00031582030351273715
1.0,0.0,0.999373733997345,0.0006230714498087764
1.0,0.0,0.9997406005859375,0.00026327496743761003
1.0,0.0,0.9995882511138916,0.0004123655962757766
1.0,0.0,0.9988415837287903,0.0011627686908468604
1.0,0.0,0.9994804263114929,0.0005171900847926736
1.0,0.0,0.9996557831764221,0.0003471329400781542
1.0,0.0,0.9997223615646362,0.0002815625339280814
1.0,0.0,0.9997435808181763,0.0002603430184535682
1.0,0.0,0.9996628165245056,0.00034040724858641624
1.0,0.0,0.9997219443321228,0.0002822137321345508
1.0,0.0,0.9991580247879028,0.0008402173407375813
1.0,0.0,0.999754786491394,0.0002488735190127045
1.0,0.0,0.9997721910476685,0.00023137428797781467
1.0,0.0,0.9997544288635254,0.00024939700961112976
1.0,0.0,0.9996665120124817,0.0003372793726157397
1.0,0.0,0.9998365640640259,0.00016559673531446606
1.0,0.0,0.9996907711029053,0.0003132229612674564
1.0,0.0,0.9996606707572937,0.00034283066634088755
1.0,0.0,0.999657154083252,0.00034583130036480725
1.0,0.0,0.9997119903564453,0.00029177757096476853
1.0,0.0,0.9995788931846619,0.00042091874638572335
1.0,0.0,0.9996761679649353,0.0003271271416451782
1.0,0.0,0.9995393753051758,0.0004606034781318158
1.0,0.0,0.9990193843841553,0.0009831336792558432
1.0,0.0,0.9997187256813049,0.0002852852630894631
1.0,0.0,0.9995196461677551,0.00047878033365122974
1.0,0.0,0.999667227268219,0.00033625002834014595
1.0,0.0,0.9995688796043396,0.0004307824419811368
1.0,0.0,0.9996104836463928,0.00039071240462362766
1.0,0.0,0.9989690780639648,0.0010322314919903874
1.0,0.0,0.9997381567955017,0.00026584218721836805
1.0,0.0,0.9996960163116455,0.00030766590498387814
1.0,0.0,0.999808669090271,0.00019401474855840206
1.0,0.0,0.9995779991149902,0.00042184078483842313
1.0,0.0,0.9996474981307983,0.0003558614698704332
1.0,0.0,0.9997439384460449,0.0002599479048512876
1.0,0.0,0.999645471572876,0.00035751049290411174
1.0,0.0,0.9995321035385132,0.00046642374945804477
1.0,0.0,0.9995891451835632,0.00041152877383865416
1.0,0.0,0.9996150732040405,0.0003869713400490582
1.0,0.0,0.9994515776634216,0.0005456426297314465
1.0,0.0,0.9997018575668335,0.0003022031451109797
1.0,0.0,0.9997302889823914,0.0002736235619522631
1.0,0.0,0.999801754951477,0.00020108754688408226
1.0,0.0,0.9992765188217163,0.000720710027962923
1.0,0.0,0.9971977472305298,0.002798698376864195
1.0,0.0,0.9997011423110962,0.0003026829508598894
1.0,0.0,0.9996765851974487,0.000326708861393854
1.0,0.0,0.9992879629135132,0.0007092762971296906
1.0,0.0,0.9996784329414368,0.0003251989255659282
1.0,0.0,0.9997034072875977,0.0002999853459186852
1.0,0.0,0.9996591210365295,0.00034438088187016547
1.0,0.0,0.9997142553329468,0.00028960092458873987
1.0,0.0,0.9997909069061279,0.000212080791243352
1.0,0.0,0.9995231032371521,0.0004754206456709653
1.0,0.0,0.999315083026886,0.0006821078131906688
1.0,0.0,0.999999463558197,5.65704226573871e-07
1.0,0.0,0.9996426105499268,0.0003598987532313913
1.0,0.0,0.9999995231628418,4.681769780745526e-07
1.0,0.0,0.9996796250343323,0.00032391760032624006
1.0,0.0,0.9997212886810303,0.00028270628536120057
1.0,0.0,0.9996366500854492,0.00036537021514959633
1.0,0.0,0.9994454383850098,0.0005520172417163849
1.0,0.0,0.9993886947631836,0.0006081985193304718
1.0,0.0,0.9990556836128235,0.0009481718298047781
1.0,0.0,0.9995896816253662,0.0004107862478122115
1.0,0.0,0.9996145963668823,0.0003878353163599968
1.0,0.0,0.9991353154182434,0.0008634502300992608
1.0,0.0,0.999733567237854,0.0002702808997128159
1.0,0.0,0.9999684691429138,3.196857505827211e-05
1.0,0.0,0.998372495174408,0.001634316286072135
1.0,0.0,0.9995948672294617,0.0004051203140988946
1.0,0.0,0.999613881111145,0.0003871192748192698
1.0,0.0,0.9995090365409851,0.0004891481366939843
1.0,0.0,0.9995954036712646,0.0004052719159517437
1.0,0.0,0.9992762207984924,0.0007215869845822453
1.0,0.0,0.9984171986579895,0.0015894088428467512
1.0,0.0,0.9997321963310242,0.0002716335584409535
1.0,0.0,0.99977046251297,0.00023280555615201592
1.0,0.0,0.9990555047988892,0.0009455028339289129
1.0,0.0,0.9993469715118408,0.0006501148454844952
1.0,0.0,0.9983034729957581,0.0017027849098667502
1.0,0.0,0.9997597932815552,0.00024390374892391264
1.0,0.0,0.9997673630714417,0.00023613155644852668
1.0,0.0,0.9997224807739258,0.0002815472544170916
1.0,0.0,0.9977750778198242,0.0022288623731583357
1.0,0.0,0.9997443556785583,0.00025897298473864794
1.0,0.0,0.9997044801712036,0.000299316830933094
1.0,0.0,0.999998152256012,1.8624392623678432e-06
1.0,0.0,0.9995841383934021,0.0004167130682617426
1.0,0.0,0.9997150301933289,0.0002888742892537266
1.0,0.0,0.9999203085899353,8.073626668192446e-05
1.0,0.0,0.9993941783905029,0.0006028420175425708
1.0,0.0,0.9991015195846558,0.0008987443870864809
1.0,0.0,0.9995468854904175,0.0004518859786912799
1.0,0.0,0.9966081380844116,0.003405282972380519
1.0,0.0,0.9997400045394897,0.00026389872073195875
1.0,0.0,0.9996039271354675,0.0003972774720750749
1.0,0.0,0.0,1.0
1.0,0.0,0.9996718168258667,0.0003317220543976873
1.0,0.0,0.9996842741966248,0.00031963971559889615
1.0,0.0,0.9995607733726501,0.0004383335472084582
1.0,0.0,0.9992223381996155,0.0007752170786261559
1.0,0.0,0.9996289610862732,0.00037354466621764004
1.0,0.0,0.9996182918548584,0.0003840388380922377
1.0,0.0,0.9992198944091797,0.0007769183721393347
1.0,0.0,0.999151885509491,0.0008442665566690266
1.0,0.0,0.9988044500350952,0.0011983111035078764
1.0,0.0,0.0,1.0
1.0,0.0,0.996822714805603,0.0031896147411316633
1.0,0.0,0.9995133280754089,0.0004852483107242733
1.0,0.0,0.9996968507766724,0.0003069279482588172
1.0,0.0,0.9988259673118591,0.0011789207346737385
1.0,0.0,0.99968421459198,0.00031937682069838047
1.0,0.0,0.0,1.0
1.0,0.0,0.9996569752693176,0.00034581447835080326
1.0,0.0,0.9995733499526978,0.0004266246978659183
1.0,0.0,0.9995697140693665,0.0004298361309338361
1.0,0.0,0.999991238117218,8.889103810361121e-06
1.0,0.0,0.9995366930961609,0.00046199565986171365
1.0,0.0,0.9975354075431824,0.0024675324093550444
1.0,0.0,0.9999093413352966,9.234431490767747e-05
1.0,0.0,0.9996553659439087,0.0003481031162664294
1.0,0.0,0.9995379447937012,0.0004607611335813999
1.0,0.0,0.9993709325790405,0.0006268761353567243
1.0,0.0,0.9996537566184998,0.0003482733736746013
1.0,0.0,0.9996575713157654,0.00034616776974871755
1.0,0.0,0.9996792078018188,0.00032384321093559265
1.0,0.0,0.9993852376937866,0.0006116711301729083
1.0,0.0,0.9997413754463196,0.00026248072390444577
1.0,0.0,0.9996092915534973,0.00039274521986953914
1.0,0.0,0.9994651079177856,0.0005322820506989956
1.0,0.0,0.9999974966049194,2.5357001049997052e-06
1.0,0.0,0.999184250831604,0.0008171183289960027
1.0,0.0,0.9997355937957764,0.00026816895115189254
1.0,0.0,0.9980831742286682,0.0019222155679017305
1.0,0.0,0.9997417330741882,0.00026217379490844905
1.0,0.0,0.9996055364608765,0.00039482847205363214
1.0,0.0,0.9997578263282776,0.00024556610151194036
1.0,0.0,0.9997799396514893,0.00022321705182548612
1.0,0.0,0.9997201561927795,0.00028360821306705475
1.0,0.0,0.9996386170387268,0.0003645729157142341
1.0,0.0,0.9996548891067505,0.00034738038084469736
1.0,0.0,0.9995543360710144,0.00044588095624931157
1.0,0.0,0.9993036389350891,0.0006927261129021645
1.0,0.0,0.9996301531791687,0.0003731099423021078
1.0,0.0,0.9998012781143188,0.00020127571769990027
1.0,0.0,0.7864569425582886,0.2140973061323166
1.0,0.0,0.9994664788246155,0.000531103229150176
1.0,0.0,0.9996737837791443,0.00032968565938062966
1.0,0.0,0.9988802671432495,0.0011220610467717052
1.0,0.0,0.9995346665382385,0.000464502110844478
1.0,0.0,0.9994223713874817,0.000574739882722497
1.0,0.0,0.9998976588249207,0.000104203587397933
1.0,0.0,0.9971194267272949,0.002886922797188163
1.0,0.0,0.9995871186256409,0.00041404779767617583
1.0,0.0,0.999372124671936,0.0006258359644562006
1.0,0.0,0.9987143278121948,0.0012892436934635043
1.0,0.0,0.9999651908874512,3.532655682647601e-05
1.0,0.0,0.9996695518493652,0.0003344058059155941
1.0,0.0,0.9985238909721375,0.001478342805057764
1.0,0.0,0.9994136691093445,0.0005834841867908835
1.0,0.0,1.0,1.7876435348920335e-23
1.0,0.0,0.9957221746444702,0.00430425675585866
1.0,0.0,0.9995922446250916,0.00040802464354783297
1.0,0.0,0.9997290372848511,0.0002747630642261356
1.0,0.0,0.9996683597564697,0.0003347365709487349
1.0,0.0,0.998932957649231,0.0010686895111575723
1.0,0.0,0.9996893405914307,0.0003142413916066289
1.0,0.0,0.9994077086448669,0.0005892477929592133
1.0,0.0,0.999213457107544,0.000785233685746789
1.0,0.0,0.9997734427452087,0.00022992856975179166
1.0,0.0,0.9996452331542969,0.0003577249008230865
1.0,0.0,0.9997654557228088,0.00023798855545464903
1.0,0.0,0.9997203350067139,0.0002836374333128333
1.0,0.0,0.9990694522857666,0.0009302744292654097
1.0,0.0,0.9991688132286072,0.0008269837708212435
1.0,0.0,0.9961372017860413,0.003878083312883973
1.0,0.0,0.9998005032539368,0.00020226978813298047
1.0,0.0,0.9992582201957703,0.0007396812434308231
1.0,0.0,0.9987480044364929,0.0012575017753988504
1.0,0.0,0.999729335308075,0.00027436335221864283
1.0,0.0,0.9997996091842651,0.0002030072791967541
1.0,0.0,0.9997022747993469,0.0003011683002114296
1.0,0.0,0.9995837807655334,0.00041731575038284063
1.0,0.0,0.9989640712738037,0.0010386963840574026
1.0,0.0,0.9996594190597534,0.00034383207093924284
1.0,0.0,0.9998146295547485,0.00018782411643769592
1.0,0.0,0.9997203350067139,0.0002835038467310369
1.0,0.0,0.999567985534668,0.00043156027095392346
1.0,0.0,0.9989423751831055,0.001050784019753337
1.0,0.0,0.9997039437294006,0.0002998532436322421
1.0,0.0,0.9997392296791077,0.0002647610963322222
1.0,0.0,0.9997391700744629,0.0002647167129907757
1.0,0.0,0.9996991753578186,0.0003045659395866096
1.0,0.0,0.9997645020484924,0.00023872510064393282
1.0,0.0,0.9963948130607605,0.003619325580075383
1.0,0.0,0.9997360110282898,0.00026792052085511386
1.0,0.0,0.9993523359298706,0.000644331332296133
1.0,0.0,0.9995433688163757,0.00045541379950009286
1.0,0.0,0.9998042583465576,0.0001983235270017758
1.0,0.0,0.9992606043815613,0.0007369333761744201
1.0,0.0,0.999235987663269,0.000760468072257936
1.0,0.0,0.9997207522392273,0.00028325989842414856
1.0,0.0,0.9982221722602844,0.0017840330256149173
1.0,0.0,0.9997391104698181,0.0002646089415065944
1.0,0.0,0.9994254112243652,0.0005720577319152653
1.0,0.0,0.9995643496513367,0.00043483750778250396
1.0,0.0,0.9991533756256104,0.0008487658342346549
1.0,0.0,0.9995412230491638,0.00045749684795737267
1.0,0.0,0.9991952776908875,0.0008020159439183772
1.0,0.0,0.9997276663780212,0.00027631272678263485
1.0,0.0,0.9993138313293457,0.0006828161422163248
1.0,0.0,0.999644935131073,0.000355482887243852
1.0,0.0,0.9936003088951111,0.006438449956476688
1.0,0.0,0.9996547102928162,0.00034839409636333585
1.0,0.0,0.9986940622329712,0.0013085161335766315
1.0,0.0,0.9993826150894165,0.0006150039844214916
1.0,0.0,0.999635636806488,0.00036689447006210685
1.0,0.0,0.9995733499526978,0.00042643886990845203
1.0,0.0,0.9997108578681946,0.00029316172003746033
1.0,0.0,0.999674916267395,0.00032889237627387047
1.0,0.0,0.9994938969612122,0.000504210009239614
1.0,0.0,0.9995905160903931,0.00041024541133083403
1.0,0.0,0.9996671676635742,0.0003360673727001995
1.0,0.0,0.9995647668838501,0.0004358731093816459
1.0,0.0,0.9995502829551697,0.0004488753620535135
1.0,0.0,0.9997479915618896,0.00025584708782844245
1.0,0.0,0.9997211694717407,0.0002828915021382272
1.0,0.0,0.9996899366378784,0.0003136607410851866
1.0,0.0,0.9995595812797546,0.0004401297774165869
1.0,0.0,0.9995827078819275,0.00041764823254197836
1.0,0.0,0.9995628595352173,0.00043688772711902857
1.0,0.0,0.9995837211608887,0.00041724808397702873
1.0,0.0,0.9995874166488647,0.0004124318656977266
1.0,0.0,0.9980745315551758,0.0019305299501866102
1.0,0.0,0.999750018119812,0.00025376680423505604
1.0,0.0,0.9992055892944336,0.0007918351329863071
1.0,0.0,0.9997453689575195,0.00025848924997262657
1.0,0.0,0.99959796667099,0.0004026229726150632
1.0,0.0,0.9996800422668457,0.0003233190509490669
1.0,0.0,0.9997276067733765,0.00027611496625468135
1.0,0.0,0.9993324875831604,0.000664819439407438
1.0,0.0,0.9995180368423462,0.00048223271733149886
1.0,0.0,0.9996205568313599,0.00038220209535211325
1.0,0.0,0.9999250173568726,7.601899415021762e-05
1.0,0.0,0.9991692900657654,0.000827348732855171
1.0,0.0,0.9995880722999573,0.0004132932226639241
1.0,0.0,0.9996795058250427,0.00032366043888032436
1.0,0.0,0.9990370273590088,0.0009633858571760356
1.0,0.0,0.9996399283409119,0.0003625263343565166
1.0,0.0,0.9997826814651489,0.00022043749049771577
1.0,0.0,0.9996440410614014,0.0003578548494260758
1.0,0.0,0.9997442960739136,0.0002596360573079437
1.0,0.0,0.9995946288108826,0.00040600934880785644
1.0,0.0,0.9997146725654602,0.0002894855279009789
1.0,0.0,0.9999997019767761,3.3101099461418926e-07
1.0,0.0,0.9997348785400391,0.00026905504637397826
1.0,0.0,0.9997251033782959,0.0002789384452626109
1.0,0.0,0.9997563362121582,0.0002472646883688867
1.0,0.0,0.9996617436408997,0.000342013401677832
1.0,0.0,0.9996564984321594,0.0003472408279776573
1.0,0.0,0.9995988607406616,0.00040193615132011473
1.0,0.0,0.9995543956756592,0.0004451937857083976
1.0,0.0,0.9988695383071899,0.0011323202634230256
1.0,0.0,0.7982406616210938,0.202287957072258
1.0,0.0,0.9994544386863708,0.0005428920267149806
1.0,0.0,0.9990137815475464,0.0009871087968349457
1.0,0.0,0.9976692199707031,0.0023340252228081226
1.0,0.0,0.9996721148490906,0.00033135604462586343
1.0,0.0,0.9986204504966736,0.001382889342494309
1.0,0.0,0.9999201893806458,8.086895832093433e-05
1.0,0.0,0.9993013739585876,0.0006958806770853698
1.0,0.0,0.997340202331543,0.0026641911827027798
1.0,0.0,0.9996492266654968,0.00035339599708095193
1.0,0.0,0.9983108043670654,0.001695288927294314
1.0,0.0,0.9996396899223328,0.00036198829184286296
1.0,0.0,0.9997408986091614,0.0002630375965964049
1.0,0.0,0.9994531273841858,0.0005445675924420357
1.0,0.0,0.9996165633201599,0.0003845040628220886
1.0,0.0,0.9993997812271118,0.0005972282961010933
1.0,0.0,0.9997758865356445,0.0002270838594995439
1.0,0.0,0.9992764592170715,0.0007210318581201136
1.0,0.0,0.9994505047798157,0.0005482439883053303
1.0,0.0,0.9995937943458557,0.0004084683023393154
1.0,0.0,0.9997993111610413,0.00020336548914201558
1.0,0.0,0.9995518326759338,0.000448548817075789
1.0,0.0,0.9999954700469971,4.588135652738856e-06
0.0,1.0,1.470057320318574e-08,1.0
0.0,1.0,1.4700096251374362e-08,1.0
0.0,1.0,1.46957788160762e-08,1.0
0.0,1.0,1.4699676142981843e-08,1.0
0.0,1.0,1.469793797781449e-08,1.0
0.0,1.0,1.4703854134268113e-08,1.0
0.0,1.0,1.4699928385653038e-08,1.0
0.0,1.0,0.0,1.0
0.0,1.0,1.470107768852813e-08,1.0
0.0,1.0,1.4686055926915742e-08,1.0
0.0,1.0,1.5137162634459855e-08,1.0
0.0,1.0,1.4699676142981843e-08,1.0
0.0,1.0,0.0,1.0
0.0,1.0,1.469373334117563e-08,1.0
0.0,1.0,1.4724257368925464e-08,1.0
0.0,1.0,1.4687456584283609e-08,1.0
0.0,1.0,1.4690902716552046e-08,1.0
0.0,1.0,1.4690538563399969e-08,1.0
0.0,1.0,0.0,1.0
0.0,1.0,1.468597154996587e-08,1.0
0.0,1.0,1.471274746478457e-08,1.0
0.0,1.0,1.468908195079166e-08,1.0
0.0,1.0,1.4692331795629343e-08,1.0
0.0,1.0,1.4704442996560374e-08,1.0
0.0,1.0,1.4699732098222285e-08,1.0
0.0,1.0,1.4694517602720225e-08,1.0
0.0,1.0,1.4689249816512984e-08,1.0
0.0,1.0,1.4706630580008095e-08,1.0
0.0,1.0,0.0,1.0
0.0,1.0,1.472509936206734e-08,1.0
0.0,1.0,1.470004029613392e-08,1.0
0.0,1.0,1.4698049888295373e-08,1.0
0.0,1.0,0.0,1.0
0.0,1.0,1.470161059557995e-08,1.0
0.0,1.0,1.4712017382123577e-08,1.0
0.0,1.0,1.4703994466458425e-08,1.0
0.0,1.0,1.4687288718562286e-08,1.0
0.0,1.0,0.0,1.0
0.0,1.0,1.4719764074300201e-08,1.0
0.0,1.0,1.4698862571549398e-08,1.0
0.0,1.0,1.4689978122817138e-08,1.0
0.0,1.0,0.0,1.0
0.0,1.0,1.4705228146283389e-08,1.0
0.0,1.0,1.4691378780185005e-08,1.0
0.0,1.0,1.4691603489325189e-08,1.0
0.0,1.0,1.4700741068907064e-08,1.0
0.0,1.0,0.0,1.0
0.0,1.0,1.4687456584283609e-08,1.0
0.0,1.0,0.0,1.0
0.0,1.0,1.4702171036162781e-08,1.0
0.0,1.0,1.4707472573149971e-08,1.0
0.0,1.0,1.4690538563399969e-08,1.0
0.0,1.0,1.4697208783331916e-08,1.0
0.0,1.0,1.4701273975958884e-08,1.0
0.0,1.0,0.0,1.0
0.0,1.0,1.4693845251656512e-08,1.0
0.0,1.0,1.4691491578844307e-08,1.0
0.0,1.0,0.0,1.0
0.0,1.0,1.4696592387508645e-08,1.0
0.0,1.0,0.0,1.0
0.0,1.0,1.469636767836846e-08,1.0
0.0,1.0,1.469373334117563e-08,1.0
0.0,1.0,1.4695134886721917e-08,1.0
0.0,1.0,1.4719258700779392e-08,1.0
0.0,1.0,1.470158217387052e-08,1.0
0.0,1.0,1.4697601358193424e-08,1.0
0.0,1.0,1.4683479321320192e-08,1.0
0.0,1.0,1.469894694849927e-08,1.0
0.0,1.0,1.470797705849236e-08,1.0
0.0,1.0,1.4999553599182036e-08,1.0
0.0,1.0,1.46890251073728e-08,1.0
0.0,1.0,1.477097910651537e-08,1.0
0.0,1.0,0.0,1.0
0.0,1.0,1.4698890993258829e-08,1.0
0.0,1.0,0.0,1.0
0.0,1.0,1.4719932828199944e-08,1.0
0.0,1.0,0.0,1.0
0.0,1.0,1.4740667353407844e-08,1.0
0.0,1.0,1.4694461647479784e-08,1.0
0.0,1.0,1.4698161798776255e-08,1.0
0.0,1.0,1.4705676676385337e-08,1.0
0.0,1.0,0.0,1.0
0.0,1.0,1.4694854222341291e-08,1.0
0.0,1.0,1.4699255146410906e-08,1.0
0.0,1.0,0.0,1.0
0.0,1.0,0.0,1.0
0.0,1.0,1.4682527194054273e-08,1.0
0.0,1.0,0.0,1.0
0.0,1.0,1.4693816829947082e-08,1.0
0.0,1.0,1.4690257899019343e-08,1.0
0.0,1.0,1.467261689924726e-08,1.0
0.0,1.0,1.4691322824944564e-08,1.0
0.0,1.0,1.4702311368353094e-08,1.0
0.0,1.0,1.4697040917610593e-08,1.0
0.0,1.0,1.4691463157134876e-08,1.0
0.0,1.0,0.0,1.0
0.0,1.0,1.469474231186041e-08,1.0
0.0,1.0,0.0,1.0
0.0,1.0,1.4700741068907064e-08,1.0
0.0,1.0,1.4702227879581642e-08,1.0
0.0,1.0,1.4705508810664014e-08,1.0
0.0,1.0,1.468700805418166e-08,1.0
0.0,1.0,1.4684991889168941e-08,1.0
0.0,1.0,1.4722067120942484e-08,1.0
0.0,1.0,1.4697993933054931e-08,1.0
0.0,1.0,1.4713140039646078e-08,1.0
0.0,1.0,1.4703489092937616e-08,1.0
0.0,1.0,1.4689641503196071e-08,1.0
0.0,1.0,1.4692275840388902e-08,1.0
0.0,1.0,1.4695470618164563e-08,1.0
0.0,1.0,1.469479826710085e-08,1.0
0.0,1.0,1.4687708826954804e-08,1.0
0.0,1.0,1.470792110325192e-08,1.0
0.0,1.0,1.4723976704544839e-08,1.0
0.0,1.0,1.4702592032733719e-08,1.0
0.0,1.0,1.4691378780185005e-08,1.0
0.0,1.0,1.4715497265171962e-08,1.0
0.0,1.0,1.4698105843535814e-08,1.0
0.0,1.0,1.467981114444683e-08,1.0
0.0,1.0,1.469788202257405e-08,1.0
0.0,1.0,1.4709828910497436e-08,1.0
0.0,1.0,1.4708201767632545e-08,1.0
0.0,1.0,1.4693256389364251e-08,1.0
0.0,1.0,1.4697657313433865e-08,1.0
0.0,1.0,1.471061494839887e-08,1.0
0.0,1.0,1.469216392990802e-08,1.0
0.0,1.0,1.4690846761311604e-08,1.0
0.0,1.0,1.4688633420689712e-08,1.0
0.0,1.0,1.4699367056891788e-08,1.0
0.0,1.0,1.4694686356619968e-08,1.0
0.0,1.0,1.4715189067260326e-08,1.0
0.0,1.0,1.470318089502598e-08,1.0
0.0,1.0,1.4697601358193424e-08,1.0
0.0,1.0,1.4691939220767836e-08,1.0
0.0,1.0,1.4714514939839773e-08,1.0
0.0,1.0,1.4686364124827378e-08,1.0
0.0,1.0,1.4707640438871294e-08,1.0
0.0,1.0,0.0,1.0
0.0,1.0,1.4713982032787953e-08,1.0
0.0,1.0,1.4688969152132358e-08,1.0
0.0,1.0,1.4688381178018517e-08,1.0
0.0,1.0,1.4685047844409382e-08,1.0
0.0,1.0,0.0,1.0
0.0,1.0,1.4700685113666623e-08,1.0
0.0,1.0,0.0,1.0
0.0,1.0,1.471269062136571e-08,1.0
0.0,1.0,1.4691070582273369e-08,1.0
0.0,1.0,1.4702171036162781e-08,1.0
0.0,1.0,1.4692219885148461e-08,1.0
0.0,1.0,1.468339494437032e-08,1.0
0.0,1.0,1.4695975103506953e-08,1.0
0.0,1.0,1.4689473637474748e-08,1.0
0.0,1.0,1.4693396721554564e-08,1.0
0.0,1.0,1.4690931138261476e-08,1.0
0.0,1.0,1.4699058858980152e-08,1.0
0.0,1.0,1.4698302130966567e-08,1.0
0.0,1.0,1.4687316252093296e-08,1.0
0.0,1.0,0.0,1.0
0.0,1.0,1.4883536181287127e-08,1.0
0.0,1.0,1.4686728277979455e-08,1.0
0.0,1.0,1.4737547182619437e-08,1.0
0.0,1.0,1.4753606336626035e-08,1.0
0.0,1.0,1.4693508632035446e-08,1.0
0.0,1.0,0.001093202386982739,0.99888676404953
0.0,1.0,1.4714935936410711e-08,1.0
0.0,1.0,0.9999997019767761,3.259823699863773e-07
0.0,1.0,1.4691435623603866e-08,1.0
0.0,1.0,0.0,1.0
0.0,1.0,1.67264967146172e-21,1.0
0.0,1.0,1.4709099716014862e-08,1.0
0.0,1.0,1.4718866125917884e-08,1.0
0.0,1.0,1.472841404392966e-08,1.0
0.0,1.0,1.4701806883010704e-08,1.0
0.0,1.0,1.4758080979504484e-08,1.0
0.0,1.0,0.0,1.0
0.0,1.0,1.472026944782101e-08,1.0
0.0,1.0,1.4710417772789697e-08,1.0
0.0,1.0,1.4690482608159527e-08,1.0
0.0,1.0,1.469586319302607e-08,1.0
0.0,1.0,0.0,1.0
0.0,1.0,1.4705368478473702e-08,1.0
0.0,1.0,1.4699227612879895e-08,1.0
0.0,1.0,1.4703377182456734e-08,1.0
0.0,1.0,1.0414859377134328e-32,1.0
0.0,1.0,1.4691603489325189e-08,1.0
0.0,1.0,1.4693621430694748e-08,1.0
0.0,1.0,0.12247751653194427,0.8749319314956665
0.0,1.0,0.0,1.0
0.0,1.0,0.0,1.0
0.0,1.0,1.4697264738572358e-08,1.0
0.0,1.0,0.0,1.0
0.0,1.0,1.4692275840388902e-08,1.0
0.0,1.0,0.0,1.0
0.0,1.0,1.4686223792637065e-08,1.0
0.0,1.0,1.5013291942977958e-08,1.0
0.0,1.0,0.0,1.0
0.0,1.0,0.0,1.0
0.0,1.0,0.0,1.0
0.0,1.0,1.469844246315688e-08,1.0
0.0,1.0,4.592757818500104e-08,0.9999999403953552
0.0,1.0,1.4687316252093296e-08,1.0
0.0,1.0,0.0,1.0
0.0,1.0,0.0,1.0
0.0,1.0,1.4736282416549784e-08,1.0
0.0,1.0,1.4762332689599589e-08,1.0
0.0,1.0,1.5941379771788888e-08,1.0
0.0,1.0,1.5262113350900108e-08,1.0
0.0,1.0,1.47005172479453e-08,1.0
0.0,1.0,1.4688913196891917e-08,1.0
0.0,1.0,1.468952959271519e-08,1.0
0.0,1.0,1.4675751280890381e-08,1.0
0.0,1.0,1.4677627113712788e-08,1.0
0.0,1.0,1.4673008585930347e-08,1.0
0.0,1.0,1.4713476659267144e-08,1.0
0.0,1.0,1.4670265890970313e-08,1.0
0.0,1.0,1.467471566485301e-08,1.0
0.0,1.0,1.4667832282100335e-08,1.0
0.0,1.0,1.46671048639746e-08,1.0
0.0,1.0,1.468857746544927e-08,1.0
0.0,1.0,1.4688885663360907e-08,1.0
0.0,1.0,1.4671189596526801e-08,1.0
0.0,1.0,1.467261689924726e-08,1.0
0.0,1.0,1.4674407466941375e-08,1.0
0.0,1.0,1.4683647187041515e-08,1.0
0.0,1.0,1.4677095094839387e-08,1.0
0.0,1.0,1.4683591231801074e-08,1.0
0.0,1.0,1.4691183380932671e-08,1.0
0.0,1.0,1.4686279747877506e-08,1.0
0.0,1.0,1.4669902625996656e-08,1.0
0.0,1.0,1.4676367676713653e-08,1.0
0.0,1.0,1.466811205830254e-08,1.0
0.0,1.0,1.4682134619192766e-08,1.0
0.0,1.0,0.0,1.0
0.0,1.0,1.4675639370409499e-08,1.0
0.0,1.0,1.4665705982963573e-08,1.0
0.0,1.0,1.4698105843535814e-08,1.0
0.0,1.0,1.467060162241296e-08,1.0
0.0,1.0,1.4670965775565037e-08,1.0
0.0,1.0,1.4685495486332911e-08,1.0
0.0,1.0,1.4666013292696789e-08,1.0
0.0,1.0,1.4668419368035757e-08,1.0
0.0,1.0,1.4673008585930347e-08,1.0
0.0,1.0,1.5419173299394085e-20,1.0
0.0,1.0,1.4685859639484988e-08,1.0
0.0,1.0,0.0,1.0
0.0,1.0,1.4670489711932078e-08,1.0
0.0,1.0,4.197727472407875e-31,1.0
0.0,1.0,1.4907628909099913e-08,1.0
0.0,1.0,1.4673959825017846e-08,1.0
0.0,1.0,1.4683115168168115e-08,1.0
0.0,1.0,1.4737040920920208e-08,1.0
0.0,1.0,1.4678410487078963e-08,1.0
0.0,1.0,1.4691351246653994e-08,1.0
0.0,1.0,1.4673064541170788e-08,1.0
0.0,1.0,0.0,1.0
0.0,1.0,1.4668363412795316e-08,1.0
0.0,1.0,1.4747416621219145e-08,1.0
0.0,1.0,1.4680202831129918e-08,1.0
0.0,1.0,1.466506205360929e-08,1.0
0.0,1.0,1.4664503389383299e-08,1.0
0.0,1.0,1.4684123250674475e-08,1.0
0.0,1.0,1.4662265179765654e-08,1.0
0.0,1.0,1.4672504988766377e-08,1.0
0.0,1.0,0.0,1.0
0.0,1.0,1.4670518133641508e-08,1.0
0.0,1.0,1.467519172848597e-08,1.0
0.0,1.0,4.092673148115239e-16,1.0
0.0,1.0,1.4672784764968583e-08,1.0
0.0,1.0,1.4677486781522475e-08,1.0
0.0,1.0,1.4692808747440722e-08,1.0
0.0,1.0,1.4667188352746052e-08,1.0
0.0,1.0,1.46808467604842e-08,1.0
0.0,1.0,1.4666769132531954e-08,1.0
0.0,1.0,1.4681575066788355e-08,1.0
0.0,1.0,1.4688296801068645e-08,1.0
0.0,1.0,1.470949229087637e-08,1.0
0.0,1.0,1.4673344317372994e-08,1.0
0.0,1.0,1.4674239601220052e-08,1.0
0.0,1.0,1.4670545667172519e-08,1.0
0.0,1.0,1.4684767180028757e-08,1.0
0.0,1.0,1.4671776682462223e-08,1.0
0.0,1.0,1.4671189596526801e-08,1.0
0.0,1.0,1.4671552861500459e-08,1.0
0.0,1.0,1.4671776682462223e-08,1.0
0.0,1.0,1.4678886550711923e-08,1.0
0.0,1.0,0.0,1.0
0.0,1.0,1.4674407466941375e-08,1.0
0.0,1.0,1.4667747905150463e-08,1.0
0.0,1.0,1.4681043047914955e-08,1.0
0.0,1.0,1.467312049641123e-08,1.0
0.0,1.0,1.467771060248424e-08,1.0
0.0,1.0,1.4672840720209024e-08,1.0
0.0,1.0,1.4673232406892112e-08,1.0
0.0,1.0,1.4671889481121525e-08,1.0
0.0,1.0,1.4676479587194535e-08,1.0
0.0,1.0,0.0,1.0
0.0,1.0,1.4670657577653401e-08,1.0
0.0,1.0,0.0,1.0
0.0,1.0,1.4675107351536099e-08,1.0
0.0,1.0,1.4670433756691637e-08,1.0
0.0,1.0,1.4678103177345747e-08,1.0
0.0,1.0,1.4699899963943608e-08,1.0
0.0,1.0,1.4670909820324596e-08,1.0
0.0,1.0,1.467821508782663e-08,1.0
0.0,1.0,0.0,1.0
0.0,1.0,1.4666825087772395e-08,1.0
0.0,1.0,1.4670713532893842e-08,1.0
0.0,1.0,1.4679391036054312e-08,1.0
0.0,1.0,0.0,1.0
0.0,1.0,1.4672728809728142e-08,1.0
0.0,1.0,1.4680455073801113e-08,1.0
0.0,1.0,1.4666628800341641e-08,1.0
0.0,1.0,1.4671357462248125e-08,1.0
0.0,1.0,0.0,1.0
0.0,1.0,1.4681966753471443e-08,1.0
0.0,1.0,1.4679726767496959e-08,1.0
0.0,1.0,0.0,1.0
0.0,1.0,1.4669706338565902e-08,1.0
0.0,1.0,1.4690875183021035e-08,1.0
0.0,1.0,1.4688184890587763e-08,1.0
0.0,1.0,1.4661790004311115e-08,1.0
0.0,1.0,1.4687344673802727e-08,1.0
0.0,1.0,1.4679111259852107e-08,1.0
0.0,1.0,1.4663831926498005e-08,1.0
0.0,1.0,1.4673008585930347e-08,1.0
0.0,1.0,1.4668307457554874e-08,1.0
0.0,1.0,1.466959442808502e-08,1.0
0.0,1.0,1.4669146786161491e-08,1.0
0.0,1.0,0.0,1.0
0.0,1.0,1.4680566984281995e-08,1.0
0.0,1.0,1.4680230364660929e-08,1.0
0.0,1.0,1.4681742932509678e-08,1.0
0.0,1.0,1.4674520265600677e-08,1.0
0.0,1.0,1.4668867009959285e-08,1.0
0.0,1.0,1.4673232406892112e-08,1.0
0.0,1.0,0.0,1.0
0.0,1.0,1.4669986114768108e-08,1.0
0.0,1.0,1.4674351511700934e-08,1.0
0.0,1.0,1.4666628800341641e-08,1.0
0.0,1.0,1.4667244307986493e-08,1.0
0.0,1.0,1.46736240935752e-08,1.0
0.0,1.0,1.4685159754890265e-08,1.0
0.0,1.0,1.468135124582659e-08,1.0
0.0,1.0,1.4670433756691637e-08,1.0
0.0,1.0,1.467566779211893e-08,1.0
0.0,1.0,1.4689333305284435e-08,1.0
0.0,1.0,1.47229650693248e-08,1.0
0.0,1.0,1.4666964531784288e-08,1.0
0.0,1.0,1.468594401643486e-08,1.0
0.0,1.0,1.467569532564994e-08,1.0
0.0,1.0,1.4671776682462223e-08,1.0
0.0,1.0,1.4689893745867266e-08,1.0
0.0,1.0,1.467726296056071e-08,1.0
0.0,1.0,1.4672924208980476e-08,1.0
0.0,1.0,1.4676591497675417e-08,1.0
0.0,1.0,1.4674407466941375e-08,1.0
0.0,1.0,1.466956689455401e-08,1.0
0.0,1.0,1.4682134619192766e-08,1.0
0.0,1.0,1.4679054416433246e-08,1.0
0.0,1.0,1.4668727565947393e-08,1.0
0.0,1.0,1.466808363659311e-08,1.0
0.0,1.0,0.0,1.0
0.0,1.0,1.4667244307986493e-08,1.0
0.0,1.0,1.468235932833295e-08,1.0
0.0,1.0,1.4678635196219147e-08,1.0
0.0,1.0,1.4679894633218282e-08,1.0
0.0,1.0,1.4674239601220052e-08,1.0
0.0,1.0,1.4679335080813871e-08,1.0
0.0,1.0,1.4672281167804613e-08,1.0
0.0,1.0,1.4675947568321135e-08,1.0
0.0,1.0,0.0,1.0
0.0,1.0,1.4689641503196071e-08,1.0
0.0,1.0,1.4684319538105228e-08,1.0
0.0,1.0,1.4665258341040044e-08,1.0
0.0,1.0,1.4668251502314433e-08,1.0
0.0,1.0,1.4672001391602407e-08,1.0
0.0,1.0,0.0,1.0
0.0,1.0,1.4667747905150463e-08,1.0
0.0,1.0,1.4672337123045054e-08,1.0
0.0,1.0,1.4666013292696789e-08,1.0
0.0,1.0,1.4674520265600677e-08,1.0
0.0,1.0,1.4676535542434976e-08,1.0
0.0,1.0,1.4684571780776423e-08,1.0
0.0,1.0,1.4671749148931212e-08,1.0
0.0,1.0,1.4677039139598946e-08,1.0
0.0,1.0,0.0,1.0
0.0,1.0,1.4736000863990739e-08,1.0
0.0,1.0,1.4673512183094317e-08,1.0
0.0,1.0,1.4729819142189626e-08,1.0
0.0,1.0,0.0,1.0
0.0,1.0,1.4669034875680609e-08,1.0
0.0,1.0,1.4662349556715526e-08,1.0
0.0,1.0,1.4711063478500819e-08,1.0
0.0,1.0,1.4662209224525213e-08,1.0
0.0,1.0,1.4668867009959285e-08,1.0
0.0,1.0,1.4669818249046784e-08,1.0
0.0,1.0,1.4682415283573391e-08,1.0
0.0,1.0,2.0847353360020514e-23,1.0
0.0,1.0,1.4675947568321135e-08,1.0
0.0,1.0,1.4671384995779135e-08,1.0
0.0,1.0,1.4676310833294792e-08,1.0
0.0,1.0,1.4682806970256479e-08,1.0
0.0,1.0,1.4668978920440168e-08,1.0
0.0,1.0,1.4676059478802017e-08,1.0
0.0,1.0,1.4672028925133418e-08,1.0
0.0,1.0,0.0,1.0
0.0,1.0,1.4666769132531954e-08,1.0
0.0,1.0,1.4672337123045054e-08,1.0
0.0,1.0,1.46741561124486e-08,1.0
0.0,1.0,1.4667188352746052e-08,1.0
0.0,1.0,7.181208161455288e-08,0.9999999403953552
0.0,1.0,1.4663747549548134e-08,1.0
0.0,1.0,7.1443344596366995e-31,1.0
0.0,1.0,1.467012644695842e-08,1.0
0.0,1.0,1.4674015780258287e-08,1.0
0.0,1.0,1.468437549334567e-08,1.0
0.0,1.0,1.0714689834529004e-23,1.0
0.0,1.0,1.4682722593306607e-08,1.0
0.0,1.0,1.4670294312679744e-08,1.0
0.0,1.0,1.4671861059412095e-08,1.0
0.0,1.0,1.4672896675449465e-08,1.0
0.0,1.0,1.4669986114768108e-08,1.0
0.0,1.0,0.0,1.0
0.0,1.0,1.4679838677977841e-08,1.0
0.0,1.0,1.4679950588458723e-08,1.0
0.0,1.0,1.4676479587194535e-08,1.0
0.0,1.0,1.4675863191371263e-08,1.0
0.0,1.0,1.4672057346842848e-08,1.0
0.0,1.0,1.4679867099687272e-08,1.0
0.0,1.0,1.4670937353855606e-08,1.0
0.0,1.0,0.0,1.0
0.0,1.0,1.4678159132586188e-08,1.0
0.0,1.0,1.4676254878054351e-08,1.0
0.0,1.0,0.0,1.0
0.0,1.0,0.0,1.0
0.0,1.0,1.4703096518076109e-08,1.0
0.0,1.0,1.4682974835977802e-08,1.0
0.0,1.0,1.467317645165167e-08,1.0
0.0,1.0,1.4671161174817371e-08,1.0
0.0,1.0,1.4680538562572565e-08,1.0
0.0,1.0,1.4707753237530596e-08,1.0
0.0,1.0,0.0,1.0
0.0,1.0,1.46726728544877e-08,1.0
0.0,1.0,1.4674295556460493e-08,1.0
0.0,1.0,1.4673428694322865e-08,1.0
0.0,1.0,0.0,1.0
0.0,1.0,1.4668811054718844e-08,1.0
0.0,1.0,1.467877464023104e-08,1.0
0.0,1.0,1.4674239601220052e-08,1.0
0.0,1.0,0.0,1.0
0.0,1.0,1.4671889481121525e-08,1.0
0.0,1.0,1.4671161174817371e-08,1.0
0.0,1.0,1.4679558901775636e-08,1.0
0.0,1.0,1.4672308701335623e-08,1.0
0.0,1.0,1.4675303638966852e-08,1.0
0.0,1.0,1.4679670812256518e-08,1.0
0.0,1.0,1.4679054416433246e-08,1.0
0.0,1.0,1.4704162332179749e-08,1.0
0.0,1.0,1.467113364128636e-08,1.0
0.0,1.0,1.4687961069625999e-08,1.0
0.0,1.0,1.4666992953493718e-08,1.0
0.0,1.0,1.46716088167409e-08,1.0
0.0,1.0,1.4678130710876758e-08,1.0
0.0,1.0,1.4682415283573391e-08,1.0
0.0,1.0,1.4669231163111363e-08,1.0
0.0,1.0,1.4675247683726411e-08,1.0
0.0,1.0,1.4675079818005088e-08,1.0
0.0,1.0,1.468135124582659e-08,1.0
0.0,1.0,1.4680006543699164e-08,1.0
0.0,1.0,1.4681043047914955e-08,1.0
0.0,1.0,1.4678494864028835e-08,1.0
0.0,1.0,1.4670042070008549e-08,1.0
0.0,1.0,1.4682415283573391e-08,1.0
0.0,1.0,1.4672840720209024e-08,1.0
0.0,1.0,1.4692808747440722e-08,1.0
0.0,1.0,1.4676619031206428e-08,1.0
0.0,1.0,1.4738643194789347e-08,1.0
0.0,1.0,1.4677179471789259e-08,1.0
0.0,1.0,1.4687820737435686e-08,1.0
0.0,1.0,1.4675135773245529e-08,1.0
0.0,1.0,1.4674379933410364e-08,1.0
0.0,1.0,1.4679054416433246e-08,1.0
0.0,1.0,1.4691519112375317e-08,1.0
0.0,1.0,1.4704387041319933e-08,1.0
0.0,1.0,1.4677066673129957e-08,1.0
0.0,1.0,1.4676254878054351e-08,1.0
0.0,1.0,1.4681519111547914e-08,1.0
0.0,1.0,1.4677039139598946e-08,1.0
0.0,1.0,1.4683675608750946e-08,1.0
0.0,1.0,1.4664894187887967e-08,1.0
0.0,1.0,1.46721408356143e-08,1.0
0.0,1.0,0.0,1.0
0.0,1.0,1.4677039139598946e-08,1.0
0.0,1.0,1.4671833525881084e-08,1.0
0.0,1.0,1.4678354531838522e-08,1.0
0.0,1.0,1.4674071735498728e-08,1.0
0.0,1.0,1.4676310833294792e-08,1.0
0.0,1.0,1.466962284979445e-08,1.0
0.0,1.0,1.46736240935752e-08,1.0
0.0,1.0,1.4681126536686406e-08,1.0
0.0,1.0,1.4667691949910022e-08,1.0
0.0,1.0,1.4677066673129957e-08,1.0
0.0,1.0,1.4673456227853876e-08,1.0
0.0,1.0,1.4668978920440168e-08,1.0
0.0,1.0,3.4181361955888167e-23,1.0
0.0,1.0,1.4669426562363697e-08,1.0
0.0,1.0,1.467776655772468e-08,1.0
0.0,1.0,1.4679223170332989e-08,1.0
0.0,1.0,1.4679586435306646e-08,1.0
0.0,1.0,1.4667524084188699e-08,1.0
0.0,1.0,1.2060159981786e-08,1.0
0.0,1.0,1.46787186849906e-08,1.0
0.0,1.0,1.4675583415169058e-08,1.0
0.0,1.0,1.4684991889168941e-08,1.0
0.0,1.0,1.4673736004056082e-08,1.0
0.0,1.0,1.4672308701335623e-08,1.0
0.0,1.0,1.467726296056071e-08,1.0
0.0,1.0,1.468543953109247e-08,1.0
0.0,1.0,1.4665873848684896e-08,1.0
0.0,1.0,1.4674520265600677e-08,1.0
0.0,1.0,1.4680399118560672e-08,1.0
0.0,1.0,1.4677879356383983e-08,1.0
0.0,1.0,1.4680370696851242e-08,1.0
0.0,1.0,1.4671161174817371e-08,1.0
0.0,1.0,1.4668643188997521e-08,1.0
0.0,1.0,1.4678382953547953e-08,1.0
0.0,1.0,1.4679054416433246e-08,1.0
0.0,1.0,0.0,1.0
0.0,1.0,1.4681014626205524e-08,1.0
0.0,1.0,1.4669482517604138e-08,1.0
0.0,1.0,1.4663943836978888e-08,1.0
0.0,1.0,1.4675975101852146e-08,1.0
0.0,1.0,1.4676535542434976e-08,1.0
0.0,1.0,1.4674071735498728e-08,1.0
0.0,1.0,1.4679362614344882e-08,1.0
0.0,1.0,1.1991343473738425e-09,1.0
0.0,1.0,1.4669370607123255e-08,1.0
0.0,1.0,1.4680399118560672e-08,1.0
0.0,1.0,1.4680987092674513e-08,1.0
0.0,1.0,1.4671161174817371e-08,1.0
0.0,1.0,1.466956689455401e-08,1.0
0.0,1.0,1.4677654647243799e-08,1.0
0.0,1.0,1.4690818339602174e-08,1.0
0.0,1.0,1.4682274951383079e-08,1.0
0.0,1.0,1.4686223792637065e-08,1.0
0.0,1.0,1.4674071735498728e-08,1.0
0.0,1.0,1.4668419368035757e-08,1.0
0.0,1.0,1.4671217130057812e-08,1.0
0.0,1.0,5.0146749301230984e-17,1.0
0.0,1.0,1.4671049264336489e-08,1.0
0.0,1.0,0.0,1.0
0.0,1.0,1.4689698346614932e-08,1.0
0.0,1.0,1.4674491843891246e-08,1.0
0.0,1.0,1.467720700532027e-08,1.0
0.0,1.0,3.900899603337393e-09,1.0
0.0,1.0,1.4659245373138674e-08,1.0
0.0,1.0,1.4670153980489431e-08,1.0
0.0,1.0,1.467771060248424e-08,1.0
0.0,1.0,1.4673036119461358e-08,1.0
0.0,1.0,1.467465970961257e-08,1.0
0.0,1.0,1.4675919146611704e-08,1.0
0.0,1.0,0.0,1.0
0.0,1.0,1.4674212067689041e-08,1.0
0.0,1.0,1.4680399118560672e-08,1.0
0.0,1.0,1.4671077686045919e-08,1.0
0.0,1.0,1.4680734850003319e-08,1.0
0.0,1.0,1.4684571780776423e-08,1.0
0.0,1.0,1.4666237113658553e-08,1.0
0.0,1.0,1.4679558901775636e-08,1.0
0.0,1.0,1.4676507120725546e-08,1.0
0.0,1.0,1.4675975101852146e-08,1.0
0.0,1.0,1.4680062498939606e-08,1.0
0.0,1.0,8.066247266564543e-38,1.0
0.0,1.0,1.4672281167804613e-08,1.0
0.0,1.0,1.4675863191371263e-08,1.0
0.0,1.0,1.4669482517604138e-08,1.0
0.0,1.0,1.4686924565410209e-08,1.0
0.0,1.0,1.4692948191452615e-08,1.0
0.0,1.0,1.4687736360485815e-08,1.0
0.0,1.0,1.4669874204287225e-08,1.0
0.0,1.0,1.4669818249046784e-08,1.0
0.0,1.0,1.4669314651882814e-08,1.0
0.0,1.0,2.5046950629995008e-23,1.0
0.0,1.0,1.4673876336246394e-08,1.0
0.0,1.0,1.4695078043303056e-08,1.0
0.0,1.0,1.4666964531784288e-08,1.0
0.0,1.0,1.4668531278516639e-08,1.0
0.0,1.0,1.4667468128948258e-08,1.0
0.0,1.0,1.46716088167409e-08,1.0
0.0,1.0,1.4674351511700934e-08,1.0
0.0,1.0,1.4673736004056082e-08,1.0
0.0,1.0,1.4675499926397606e-08,1.0
0.0,1.0,1.4670741954603272e-08,1.0
0.0,1.0,1.4668027681352669e-08,1.0
0.0,1.0,1.4673092074701799e-08,1.0
0.0,1.0,1.4675919146611704e-08,1.0
0.0,1.0,1.4669426562363697e-08,1.0
0.0,1.0,1.4679502946535194e-08,1.0
0.0,1.0,1.466808363659311e-08,1.0
0.0,1.0,1.4675527459928617e-08,1.0
0.0,1.0,1.4679391036054312e-08,1.0
0.0,1.0,1.4696143857406696e-08,1.0
0.0,1.0,1.4671552861500459e-08,1.0
0.0,1.0,1.4678382953547953e-08,1.0
0.0,1.0,1.4682078663952325e-08,1.0
0.0,1.0,1.4668000147821658e-08,1.0
0.0,1.0,5.4161902740546e-10,1.0
0.0,1.0,1.4671496906260018e-08,1.0
0.0,1.0,1.4669762293806343e-08,1.0
0.0,1.0,1.4704498951800815e-08,1.0
0.0,1.0,1.4671384995779135e-08,1.0
0.0,1.0,1.4677459247991465e-08,1.0
0.0,1.0,1.4674239601220052e-08,1.0
0.0,1.0,1.468387100800328e-08,1.0
0.0,1.0,1.4675471504688176e-08,1.0
0.0,1.0,1.4685776150713536e-08,1.0
0.0,1.0,1.4671720727221782e-08,1.0
0.0,1.0,1.4671440951019576e-08,1.0
0.0,1.0,1.4671049264336489e-08,1.0
0.0,1.0,1.4668643188997521e-08,1.0
0.0,1.0,1.467776655772468e-08,1.0
0.0,1.0,1.4680678894762877e-08,1.0
0.0,1.0,1.4676254878054351e-08,1.0
0.0,1.0,1.4674911952283765e-08,1.0
0.0,1.0,1.4675135773245529e-08,1.0
0.0,1.0,0.0,1.0
0.0,1.0,1.4676507120725546e-08,1.0
0.0,1.0,1.468543953109247e-08,1.0
0.0,1.0,1.4701358352908755e-08,1.0
0.0,1.0,1.4670321846210754e-08,1.0
0.0,1.0,1.4669706338565902e-08,1.0
0.0,1.0,1.4670014536477538e-08,1.0
0.0,1.0,1.4668419368035757e-08,1.0
0.0,1.0,1.4677571158472347e-08,1.0
0.0,1.0,1.4672700388018711e-08,1.0
0.0,1.0,1.4680622939522436e-08,1.0
0.0,1.0,1.4676142967573469e-08,1.0
0.0,1.0,1.4670042070008549e-08,1.0
0.0,1.0,1.4698862571549398e-08,1.0
0.0,1.0,1.4669734760275333e-08,1.0
0.0,1.0,1.4661482694577899e-08,1.0
0.0,1.0,1.4660503921959389e-08,1.0
0.0,1.0,1.4654269797631514e-08,1.0
0.0,1.0,1.4660867186933046e-08,1.0
0.0,1.0,1.466606924793723e-08,1.0
0.0,1.0,1.4658714242443693e-08,1.0
0.0,1.0,1.4658490421481929e-08,1.0
0.0,1.0,1.4662433045486978e-08,1.0
0.0,1.0,1.466559407248269e-08,1.0
0.0,1.0,1.4664223613181093e-08,1.0
0.0,1.0,1.4709772955256994e-08,1.0
0.0,1.0,0.0,1.0
0.0,1.0,1.4672840720209024e-08,1.0
0.0,1.0,1.4663747549548134e-08,1.0
0.0,1.0,1.4668139591833551e-08,1.0
0.0,1.0,1.4658965596936469e-08,1.0
0.0,1.0,1.4658742664153124e-08,1.0
0.0,1.0,0.0,1.0
0.0,1.0,1.4661426739337458e-08,1.0
0.0,1.0,1.4664447434142858e-08,1.0
0.0,1.0,1.4659776503833655e-08,1.0
0.0,1.0,1.468028720807979e-08,1.0
0.0,1.0,0.0,1.0
0.0,1.0,1.467675936339674e-08,1.0
0.0,1.0,1.466858723375708e-08,1.0
0.0,1.0,4.007606690947796e-09,1.0
0.0,1.0,1.4658239066989154e-08,1.0
0.0,1.0,0.0,1.0
0.0,1.0,1.4661202918375693e-08,1.0
0.0,1.0,1.4666908576543847e-08,1.0
0.0,1.0,1.4660419545009518e-08,1.0
0.0,1.0,1.4667635994669581e-08,1.0
0.0,1.0,1.4659860880783526e-08,1.0
0.0,1.0,1.4656394320411437e-08,1.0
0.0,1.0,1.4669231163111363e-08,1.0
0.0,1.0,0.0,1.0
0.0,1.0,1.4658630753672242e-08,1.0
0.0,1.0,1.4682190574433207e-08,1.0
0.0,1.0,1.4663831926498005e-08,1.0
0.0,1.0,9.951042656553e-09,1.0
0.0,1.0,1.4663635639067252e-08,1.0
0.0,1.0,1.4664783165585504e-08,1.0
0.0,1.0,1.4661790004311115e-08,1.0
0.0,1.0,1.4665006098368849e-08,1.0
0.0,1.0,1.4659413238859997e-08,1.0
0.0,1.0,1.4668027681352669e-08,1.0
0.0,1.0,1.465756760410386e-08,1.0
0.0,1.0,1.466405574745977e-08,1.0
0.0,1.0,1.4655387126083497e-08,1.0
0.0,1.0,0.0,1.0
0.0,1.0,1.4656338365170996e-08,1.0
0.0,1.0,1.466606924793723e-08,1.0
0.0,1.0,1.4659860880783526e-08,1.0
0.0,1.0,1.4657763891534614e-08,1.0
0.0,1.0,1.4661818426020545e-08,1.0
0.0,1.0,1.4657735469825184e-08,1.0
0.0,1.0,1.4660140656985732e-08,1.0
0.0,1.0,1.4662685288158173e-08,1.0
0.0,1.0,1.4666237113658553e-08,1.0
0.0,1.0,1.4667524084188699e-08,1.0
0.0,1.0,1.4657847380306066e-08,1.0
0.0,1.0,0.0,1.0
0.0,1.0,0.0,1.0
0.0,1.0,1.4667300263226934e-08,1.0
0.0,1.0,0.0,1.0
0.0,1.0,1.4657623559344302e-08,1.0
0.0,1.0,1.4658462887950918e-08,1.0
0.0,1.0,1.4656785118916105e-08,1.0
0.0,1.0,0.0,1.0
0.0,1.0,1.465952514934088e-08,1.0
0.0,1.0,1.4700180628324233e-08,1.0
0.0,1.0,1.4660112235276301e-08,1.0
0.0,1.0,1.4660755276452164e-08,1.0
0.0,1.0,1.4658853686455586e-08,1.0
0.0,1.0,1.4660867186933046e-08,1.0
0.0,1.0,1.6190751850331253e-08,1.0
0.0,1.0,1.6483088671748192e-08,1.0
0.0,1.0,1.4661286407147145e-08,1.0
0.0,1.0,0.0,1.0
0.0,1.0,1.4658434466241488e-08,1.0
0.0,1.0,1.4662209224525213e-08,1.0
0.0,1.0,1.4675807236130822e-08,1.0
0.0,1.0,1.4668307457554874e-08,1.0
0.0,1.0,1.466254495596786e-08,1.0
0.0,1.0,1.4668363412795316e-08,1.0
0.0,1.0,1.4659385705328987e-08,1.0
0.0,1.0,1.4667132397505611e-08,1.0
0.0,1.0,1.4660112235276301e-08,1.0
0.0,1.0,1.4661370784097016e-08,1.0
0.0,1.0,1.4657512537041839e-08,1.0
0.0,1.0,0.0,1.0
0.0,1.0,1.4662712821689183e-08,1.0
0.0,1.0,1.4663216418853153e-08,1.0
0.0,1.0,0.0,1.0
0.0,1.0,1.4663608105536241e-08,1.0
0.0,1.0,1.4659693015062203e-08,1.0
0.0,1.0,1.4655778812766584e-08,1.0
0.0,1.0,1.4657679514584743e-08,1.0
0.0,1.0,1.4665146430559162e-08,1.0
0.0,1.0,1.4671889481121525e-08,1.0
0.0,1.0,1.4688240845828204e-08,1.0
0.0,1.0,1.4666516889860759e-08,1.0
0.0,1.0,1.4669538472844579e-08,1.0
0.0,1.0,1.4660755276452164e-08,1.0
0.0,1.0,1.4671525327969448e-08,1.0
0.0,1.0,0.0,1.0
0.0,1.0,1.4663104508372271e-08,1.0
0.0,1.0,1.4660923142173488e-08,1.0
0.0,1.0,1.4661091007894811e-08,1.0
0.0,1.0,1.4670741954603272e-08,1.0
0.0,1.0,1.4659161884367222e-08,1.0
0.0,1.0,1.4671329040538694e-08,1.0
0.0,1.0,1.4668922965199727e-08,1.0
0.0,1.0,1.46635521502958e-08,1.0
0.0,1.0,1.4669231163111363e-08,1.0
0.0,1.0,1.4666460934620318e-08,1.0
0.0,1.0,1.4662098202222751e-08,1.0
0.0,1.0,1.4662349556715526e-08,1.0
0.0,1.0,1.4663720016017123e-08,1.0
0.0,1.0,1.4663132930081701e-08,1.0
0.0,1.0,1.4659860880783526e-08,1.0
0.0,1.0,1.4657623559344302e-08,1.0
0.0,1.0,1.4665789471735025e-08,1.0
0.0,1.0,1.4659301328379115e-08,1.0
0.0,1.0,1.4669818249046784e-08,1.0
0.0,1.0,1.4669846670756215e-08,1.0
0.0,1.0,1.4666013292696789e-08,1.0
0.0,1.0,1.4663775971257564e-08,1.0
0.0,1.0,1.465505228281927e-08,1.0
0.0,1.0,1.4657484115332409e-08,1.0
0.0,1.0,1.4665677561254142e-08,1.0
0.0,1.0,1.466808363659311e-08,1.0
0.0,1.0,1.468854904373984e-08,1.0
0.0,1.0,1.4661286407147145e-08,1.0
0.0,1.0,1.4735804576559985e-08,1.0
0.0,1.0,1.4751524446410258e-08,1.0
0.0,1.0,1.4666013292696789e-08,1.0
0.0,1.0,1.4662433045486978e-08,1.0
0.0,1.0,1.4662349556715526e-08,1.0
0.0,1.0,1.467012644695842e-08,1.0
0.0,1.0,1.4656226454690113e-08,1.0
0.0,1.0,1.466151022810891e-08,1.0
0.0,1.0,1.4663384284574477e-08,1.0
0.0,1.0,1.4661762470780104e-08,1.0
0.0,1.0,1.466352372858637e-08,1.0
0.0,1.0,1.4661175384844682e-08,1.0
0.0,1.0,1.466206978051332e-08,1.0
0.0,1.0,1.4665341829811496e-08,1.0
0.0,1.0,1.4672728809728142e-08,1.0
0.0,1.0,1.4657735469825184e-08,1.0
0.0,1.0,1.4659301328379115e-08,1.0
0.0,1.0,1.466604171440622e-08,1.0
0.0,1.0,1.4663831926498005e-08,1.0
0.0,1.0,1.4667300263226934e-08,1.0
0.0,1.0,1.4660979097413929e-08,1.0
0.0,1.0,1.4662098202222751e-08,1.0
0.0,1.0,1.4664783165585504e-08,1.0
0.0,1.0,1.4657120850358751e-08,1.0
0.0,1.0,1.467012644695842e-08,1.0
0.0,1.0,1.4659693015062203e-08,1.0
0.0,1.0,1.4663775971257564e-08,1.0
0.0,1.0,1.4658183111748713e-08,1.0
0.0,1.0,1.4664783165585504e-08,1.0
0.0,1.0,1.466204224698231e-08,1.0
0.0,1.0,1.4660923142173488e-08,1.0
0.0,1.0,3.829659910047946e-14,1.0
0.0,1.0,1.4664727210345063e-08,1.0
0.0,1.0,1.4661146963135252e-08,1.0
0.0,1.0,1.4657931757255938e-08,1.0
0.0,1.0,1.4662154157463192e-08,1.0
0.0,1.0,1.4657623559344302e-08,1.0
0.0,1.0,0.0,1.0
0.0,1.0,1.4662768776929624e-08,1.0
0.0,1.0,1.4663720016017123e-08,1.0
0.0,1.0,1.4666684755582082e-08,1.0
0.0,1.0,1.466455934462374e-08,1.0
0.0,1.0,1.4659804925543085e-08,1.0
0.0,1.0,1.4658798619393565e-08,1.0
0.0,1.0,1.4677935311624424e-08,1.0
0.0,1.0,1.7758279113877506e-07,0.9999998211860657
0.0,1.0,1.4657400626560957e-08,1.0
0.0,1.0,1.4661119429604241e-08,1.0
0.0,1.0,1.4654828461857505e-08,1.0
0.0,1.0,1.093813306596303e-08,1.0
0.0,1.0,1.4666936998253277e-08,1.0
0.0,1.0,1.4669818249046784e-08,1.0
0.0,1.0,1.465505228281927e-08,1.0
0.0,1.0,1.4666125203177671e-08,1.0
0.0,1.0,1.4662824732170066e-08,1.0
0.0,1.0,1.4656170499449672e-08,1.0
0.0,1.0,1.4670937353855606e-08,1.0
0.0,1.0,7.7458178759926e-12,1.0
0.0,1.0,1.4660475500249959e-08,1.0
0.0,1.0,1.4666684755582082e-08,1.0
0.0,1.0,1.4660447966718948e-08,1.0
0.0,1.0,1.4662656866448742e-08,1.0
0.0,1.0,1.4659189417898233e-08,1.0
0.0,1.0,1.4661370784097016e-08,1.0
0.0,1.0,1.4696592387508645e-08,1.0
0.0,1.0,1.4691855731996384e-08,1.0
0.0,1.0,1.4692639993540979e-08,1.0
0.0,1.0,1.469580723778563e-08,1.0
0.0,1.0,1.4725857866437764e-08,1.0
0.0,1.0,1.4693172900592799e-08,1.0
0.0,1.0,1.4706743378667397e-08,1.0
0.0,1.0,1.4692219885148461e-08,1.0
0.0,1.0,1.469213550819859e-08,1.0
0.0,1.0,2.0547750168020684e-09,1.0
0.0,1.0,1.4688633420689712e-08,1.0
0.0,1.0,1.4709436335635928e-08,1.0
0.0,1.0,1.471010957487806e-08,1.0
0.0,1.0,1.4697068451141604e-08,1.0
0.0,1.0,1.4705593187613886e-08,1.0
0.0,1.0,1.4697825179155188e-08,1.0
0.0,1.0,1.472083166476068e-08,1.0
0.0,1.0,1.4697572936483994e-08,1.0
0.0,1.0,8.363268193534168e-07,0.9999991059303284
0.0,1.0,1.0149402385195572e-07,0.9999998807907104
0.0,1.0,4.627823013692023e-09,1.0
0.0,1.0,1.4702928652354785e-08,1.0
0.0,1.0,1.4705564765904455e-08,1.0
0.0,1.0,1.4706630580008095e-08,1.0
0.0,1.0,1.4702872697114344e-08,1.0
0.0,1.0,1.4721027952191434e-08,1.0
0.0,1.0,1.4692107974667579e-08,1.0
0.0,1.0,1.4689446103943737e-08,1.0
0.0,1.0,1.4706939666098151e-08,1.0
0.0,1.0,1.4702928652354785e-08,1.0
0.0,1.0,1.472512778377677e-08,1.0
0.0,1.0,5.384440271427593e-08,0.9999999403953552
0.0,1.0,6.79765648214925e-08,0.9999999403953552
0.0,1.0,1.4697293160281788e-08,1.0
0.0,1.0,1.4706603046477085e-08,1.0
0.0,1.0,1.4713982032787953e-08,1.0
0.0,1.0,1.4692499661350666e-08,1.0
0.0,1.0,1.4690538563399969e-08,1.0
0.0,1.0,1.471114785545069e-08,1.0
0.0,1.0,1.4705957340765963e-08,1.0
0.0,1.0,1.4705537232373445e-08,1.0
0.0,1.0,1.4706266426856018e-08,1.0
0.0,1.0,5.059362138126744e-07,0.999999463558197
0.0,1.0,3.0393582761689686e-08,0.9999999403953552
0.0,1.0,3.4886980415649305e-08,0.9999999403953552
0.0,1.0,2.4523407304855027e-08,1.0
0.0,1.0,2.51385987581898e-08,1.0
0.0,1.0,2.007721278118879e-08,1.0
0.0,1.0,1.4699423900310649e-08,1.0
0.0,1.0,4.721531965401482e-08,0.9999999403953552
0.0,1.0,0.0,1.0
0.0,1.0,2.279676536431907e-08,1.0
0.0,1.0,2.2804419685940047e-08,1.0
0.0,1.0,1.8755720532226405e-08,1.0
0.0,1.0,0.0,1.0
0.0,1.0,2.389646169831394e-07,0.9999997615814209
0.0,1.0,1.4707865148011479e-08,1.0
0.0,1.0,1.4698273709257137e-08,1.0
0.0,1.0,1.5268227571141324e-08,1.0
0.0,1.0,5.011714065972228e-08,0.9999999403953552
0.0,1.0,5.773236111394908e-08,0.9999999403953552
0.0,1.0,1.4698610328878203e-08,1.0
0.0,1.0,1.4700629158426182e-08,1.0
0.0,1.0,1.4698666284118644e-08,1.0
0.0,1.0,1.4696143857406696e-08,1.0
0.0,1.0,1.470528410152383e-08,1.0
0.0,1.0,1.4696255767887578e-08,1.0
0.0,1.0,1.4698273709257137e-08,1.0
0.0,1.0,1.4698694705828075e-08,1.0
0.0,1.0,1.4703068984545098e-08,1.0
0.0,1.0,1.4697068451141604e-08,1.0
0.0,1.0,1.4718416707637516e-08,1.0
0.0,1.0,1.4709071294305431e-08,1.0
0.0,1.0,1.4710530571448999e-08,1.0
0.0,1.0,1.4705200612752378e-08,1.0
0.0,1.0,1.470155464033951e-08,1.0
0.0,1.0,1.471917521200794e-08,1.0
0.0,1.0,1.469636767836846e-08,1.0
0.0,1.0,1.4696648342749086e-08,1.0
0.0,1.0,1.4698049888295373e-08,1.0
0.0,1.0,6.910118344194416e-08,0.9999999403953552
0.0,1.0,1.4701835304720134e-08,1.0
0.0,1.0,1.4713084084405637e-08,1.0
0.0,1.0,1.4746375676111256e-08,1.0
0.0,1.0,1.4691378780185005e-08,1.0
0.0,1.0,1.4711849516402253e-08,1.0
0.0,1.0,1.4696143857406696e-08,1.0
0.0,1.0,7.960769465853446e-08,0.9999999403953552
0.0,1.0,1.4706518669527213e-08,1.0
0.0,1.0,1.4694125916037137e-08,1.0
0.0,1.0,1.4707191908769346e-08,1.0
0.0,1.0,1.947030447979614e-08,1.0
0.0,1.0,0.0,1.0
0.0,1.0,1.470584543028508e-08,1.0
0.0,1.0,1.4716002638692771e-08,1.0
0.0,1.0,1.4731813990920273e-08,1.0
0.0,1.0,1.4694405692239343e-08,1.0
0.0,1.0,1.4701526218630079e-08,1.0
0.0,1.0,1.4715890728211889e-08,1.0
0.0,1.0,1.4694601979670097e-08,1.0
0.0,1.0,1.4703881667799124e-08,1.0
0.0,1.0,1.470368538036837e-08,1.0
0.0,1.0,5.246694101401772e-08,0.9999999403953552
0.0,1.0,1.4690145988538461e-08,1.0
0.0,1.0,1.4694349736998902e-08,1.0
0.0,1.0,1.470691124438872e-08,1.0
0.0,1.0,1.4709099716014862e-08,1.0
0.0,1.0,1.4725886288147194e-08,1.0
0.0,1.0,6.354908626609527e-16,1.0
0.0,1.0,1.4726504460327305e-08,1.0
0.0,1.0,1.4705929807234952e-08,1.0
0.0,1.0,1.47005172479453e-08,1.0
0.0,1.0,1.4688913196891917e-08,1.0
0.0,1.0,1.4698498418397321e-08,1.0
0.0,1.0,1.4707668860580725e-08,1.0
0.0,1.0,1.4699899963943608e-08,1.0
0.0,1.0,1.4699620187741402e-08,1.0
0.0,1.0,1.472459398854653e-08,1.0
0.0,1.0,1.4708930962115119e-08,1.0
0.0,1.0,2.220320766355144e-06,0.999997615814209
0.0,1.0,1.4714599316789645e-08,1.0
0.0,1.0,1.470691124438872e-08,1.0
0.0,1.0,1.4687793203904675e-08,1.0
0.0,1.0,1.4696704297989527e-08,1.0
0.0,1.0,1.470208754739133e-08,1.0
0.0,1.0,1.4707809192771037e-08,1.0
0.0,1.0,1.4700292538805115e-08,1.0
0.0,1.0,1.4695919148266512e-08,1.0
0.0,1.0,1.4689949701107707e-08,1.0
0.0,1.0,1.4698722239359086e-08,1.0
0.0,1.0,1.4690201943778902e-08,1.0
0.0,1.0,1.474044264426766e-08,1.0
0.0,1.0,1.4700265005274105e-08,1.0
0.0,1.0,1.4700348494045556e-08,1.0
0.0,1.0,1.471269062136571e-08,1.0
0.0,1.0,1.470735977449067e-08,1.0
0.0,1.0,1.4697040917610593e-08,1.0
0.0,1.0,1.4691210914463682e-08,1.0
0.0,1.0,1.4715666019071705e-08,1.0
0.0,1.0,1.4698806616308957e-08,1.0
0.0,1.0,1.4696087902166255e-08,1.0
0.0,1.0,1.4700292538805115e-08,1.0
0.0,1.0,1.4699087280689582e-08,1.0
0.0,1.0,1.4698638750587634e-08,1.0
0.0,1.0,1.4726279751187121e-08,1.0
0.0,1.0,1.4746967202938777e-08,1.0
0.0,1.0,1.4695246797202799e-08,1.0
0.0,1.0,1.471162480726207e-08,1.0
0.0,1.0,0.0,1.0
0.0,1.0,1.4706070139425265e-08,1.0
0.0,1.0,1.469115495922324e-08,1.0
0.0,1.0,1.468798860315701e-08,1.0
0.0,1.0,1.4687568494764491e-08,1.0
0.0,1.0,1.470110611023756e-08,1.0
0.0,1.0,1.9595339040279214e-07,0.9999998211860657
0.0,1.0,1.5257834107273993e-08,1.0
0.0,1.0,1.4693004146693056e-08,1.0
0.0,1.0,1.46916310228562e-08,1.0
0.0,1.0,1.471221366955433e-08,1.0
0.0,1.0,1.4688240845828204e-08,1.0
0.0,1.0,1.4725998198628076e-08,1.0
0.0,1.0,1.4710390239258686e-08,1.0
0.0,1.0,1.4695975103506953e-08,1.0
0.0,1.0,1.4748429144617603e-08,1.0
0.0,1.0,1.4697657313433865e-08,1.0
0.0,1.0,1.4694461647479784e-08,1.0
0.0,1.0,1.4694938599291163e-08,1.0
0.0,1.0,1.4697068451141604e-08,1.0
0.0,1.0,1.4723807950645096e-08,1.0
0.0,1.0,1.4693340766314122e-08,1.0
0.0,1.0,1.527451942706648e-08,1.0
0.0,1.0,1.4750230370452755e-08,1.0
0.0,1.0,1.4699676142981843e-08,1.0
0.0,1.0,1.4704527373510246e-08,1.0
0.0,1.0,1.4719820917719062e-08,1.0
0.0,1.0,0.0,1.0
0.0,1.0,1.4697180361622486e-08,1.0
0.0,1.0,1.4710726858879752e-08,1.0
0.0,1.0,1.4713140039646078e-08,1.0
0.0,1.0,1.4706574624767654e-08,1.0
0.0,1.0,1.4696396100077891e-08,1.0
0.0,1.0,1.4718866125917884e-08,1.0
0.0,1.0,1.4705060280562066e-08,1.0
0.0,1.0,1.4695190841962358e-08,1.0
0.0,1.0,1.4701750927770263e-08,1.0
0.0,1.0,1.469631172312802e-08,1.0
0.0,1.0,1.4706714956957967e-08,1.0
0.0,1.0,1.4685635818523224e-08,1.0
0.0,1.0,1.4707163487059915e-08,1.0
0.0,1.0,1.4698302130966567e-08,1.0
0.0,1.0,1.4689810257095814e-08,1.0
0.0,1.0,1.4693172900592799e-08,1.0
0.0,1.0,1.4713420704026703e-08,1.0
0.0,1.0,1.4708763096393795e-08,1.0
0.0,1.0,1.4713336327076831e-08,1.0
0.0,1.0,1.469322885583324e-08,1.0
0.0,1.0,1.4698582795347193e-08,1.0
0.0,1.0,1.4839118378517924e-08,1.0
0.0,1.0,1.4708706252974935e-08,1.0
0.0,1.0,1.621545085706e-11,1.0
0.0,1.0,1.4712607132594258e-08,1.0
0.0,1.0,1.4710838769360635e-08,1.0
0.0,1.0,1.4687793203904675e-08,1.0
0.0,1.0,1.4698806616308957e-08,1.0
0.0,1.0,1.469945143384166e-08,1.0
0.0,1.0,1.4704387041319933e-08,1.0
0.0,1.0,1.4832666650477222e-08,1.0
0.0,1.0,1.4700348494045556e-08,1.0
0.0,1.0,1.469790955610506e-08,1.0
0.0,1.0,1.475273414541789e-08,1.0
0.0,1.0,1.4698610328878203e-08,1.0
0.0,1.0,1.4725942243387635e-08,1.0
0.0,1.0,2.7218251830163354e-07,0.9999997019767761
0.0,1.0,1.4717405960595897e-08,1.0
0.0,1.0,1.4714206741928137e-08,1.0
0.0,1.0,1.4699816475172156e-08,1.0
0.0,1.0,1.4688352756309087e-08,1.0
0.0,1.0,1.5518735096975433e-07,0.9999998211860657
0.0,1.0,1.4700713535376053e-08,1.0
0.0,1.0,1.4690790806071163e-08,1.0
0.0,1.0,1.5939859210334362e-08,1.0
0.0,1.0,1.6257159174415392e-08,1.0
0.0,1.0,1.5967001942840398e-08,1.0
0.0,1.0,1.6120587531531783e-08,1.0
0.0,1.0,1.5866454816659825e-08,1.0
0.0,1.0,1.6359059884507587e-08,1.0
0.0,1.0,1.6272794667315793e-08,1.0
0.0,1.0,1.5979187750758683e-08,1.0
0.0,1.0,1.6209972031333564e-08,1.0
0.0,1.0,1.6119665602332134e-08,1.0
0.0,1.0,1.55587986938599e-08,1.0
0.0,1.0,1.6196374019727955e-08,1.0
0.0,1.0,1.6481957132441494e-08,1.0
0.0,1.0,1.6181120443548025e-08,1.0
0.0,1.0,1.6157219562273895e-08,1.0
0.0,1.0,1.60517075187272e-08,1.0
0.0,1.0,1.602258592470207e-08,1.0
0.0,1.0,1.601983612431468e-08,1.0
0.0,1.0,1.6834883709293536e-08,1.0
0.0,1.0,1.969583477635559e-15,1.0
0.0,1.0,1.607986810370221e-08,1.0
0.0,1.0,1.6129384050600493e-08,1.0
0.0,1.0,1.618220046850638e-08,1.0
0.0,1.0,1.590020204389475e-08,1.0
0.0,1.0,1.6044850781327114e-08,1.0
0.0,1.0,1.626720980141272e-08,1.0
0.0,1.0,1.6100891286896513e-08,1.0
0.0,1.0,1.618513323364823e-08,1.0
0.0,1.0,1.5836219446896393e-08,1.0
0.0,1.0,3.258019987129046e-08,0.9999999403953552
0.0,1.0,1.6286332282788862e-08,1.0
0.0,1.0,1.6019102488940007e-08,1.0
0.0,1.0,1.5943113496064143e-08,1.0
0.0,1.0,1.6123077983820622e-08,1.0
0.0,1.0,1.6157464699517732e-08,1.0
0.0,1.0,1.6097942534543108e-08,1.0
0.0,1.0,1.6043902206774874e-08,1.0
0.0,1.0,1.6110874412333942e-08,1.0
0.0,1.0,1.5989249035897046e-08,1.0
0.0,1.0,1.680575323348421e-08,1.0
0.0,1.0,1.7239173644156836e-08,1.0
0.0,1.0,1.5972698719224354e-08,1.0
0.0,1.0,1.5996386437677756e-08,1.0
0.0,1.0,1.598467491703559e-08,1.0
0.0,1.0,1.5946671538813462e-08,1.0
0.0,1.0,1.599901189308639e-08,1.0
0.0,1.0,1.6087321697000334e-08,1.0
0.0,1.0,1.609014610437498e-08,1.0
0.0,1.0,1.8358358389036766e-08,1.0
0.0,1.0,1.6375979683402875e-08,1.0
0.0,1.0,3.4673988551803136e-22,1.0
0.0,1.0,1.610436051180386e-08,1.0
0.0,1.0,1.600887067354506e-08,1.0
0.0,1.0,1.6049135354023747e-08,1.0
0.0,1.0,1.7441118771444053e-08,1.0
0.0,1.0,1.6349888554145764e-08,1.0
0.0,1.0,1.649239678158665e-08,1.0
0.0,1.0,1.5977969169966855e-08,1.0
0.0,1.0,1.6060036855947146e-08,1.0
0.0,1.0,1.6094750421302706e-08,1.0
0.0,1.0,7.719805350525633e-11,1.0
0.0,1.0,1.639323166102713e-08,1.0
0.0,1.0,3.9012370223190374e-08,0.9999999403953552
0.0,1.0,1.5791247420793297e-08,1.0
0.0,1.0,2.973406054707084e-08,0.9999999403953552
0.0,1.0,5.135014592358433e-13,1.0
0.0,1.0,1.6234755761956876e-08,1.0
0.0,1.0,1.6092355892283194e-08,1.0
0.0,1.0,1.6145081715990273e-08,1.0
0.0,1.0,3.609208049995064e-17,1.0
0.0,1.0,1.635487834050764e-08,1.0
0.0,1.0,1.6552148096593555e-08,1.0
0.0,1.0,1.617112310725588e-08,1.0
0.0,1.0,1.5846252310325326e-08,1.0
0.0,1.0,1.6454849927072246e-08,1.0
0.0,1.0,1.6121294521553864e-08,1.0
0.0,1.0,1.6143571812676782e-08,1.0
0.0,1.0,1.6163969718263616e-08,1.0
0.0,1.0,1.6112256417954995e-08,1.0
0.0,1.0,1.6127014390576733e-08,1.0
0.0,1.0,1.59332333993234e-08,1.0
0.0,1.0,1.635831026192136e-08,1.0
0.0,1.0,1.595458165581931e-08,1.0
0.0,1.0,1.607738298048389e-08,1.0
0.0,1.0,1.6048279150027156e-08,1.0
0.0,1.0,1.6265037316998132e-08,1.0
0.0,1.0,1.587668663205477e-08,1.0
0.0,1.0,1.598379206768641e-08,1.0
0.0,1.0,1.606334443238211e-08,1.0
0.0,1.0,1.6246868739244746e-08,1.0
0.0,1.0,1.591039655579607e-08,1.0
0.0,1.0,1.603322452581324e-08,1.0
0.0,1.0,0.0,1.0
0.0,1.0,1.5919260576424676e-08,1.0
0.0,1.0,1.643389779815152e-08,1.0
0.0,1.0,1.6566296778819378e-08,1.0
0.0,1.0,1.630771961913524e-08,1.0
0.0,1.0,5.6399638431736676e-11,1.0
0.0,1.0,1.6045829553945623e-08,1.0
0.0,1.0,1.6369734012755544e-08,1.0
0.0,1.0,1.6316803908011934e-08,1.0
0.0,1.0,1.6276985093099938e-08,1.0
0.0,1.0,1.5913066420125688e-08,1.0
0.0,1.0,1.6141971315164483e-08,1.0
0.0,1.0,1.5985223811298965e-08,1.0
0.0,1.0,1.652129988372053e-08,1.0
0.0,1.0,1.6045401451947328e-08,1.0
0.0,1.0,1.6356251464344496e-08,1.0
0.0,1.0,1.6074316988579085e-08,1.0
0.0,1.0,1.6395732771457006e-08,1.0
0.0,1.0,1.5987541956974383e-08,1.0
0.0,1.0,1.583075359690156e-08,1.0
0.0,1.0,1.5774540784718738e-08,1.0
0.0,1.0,1.6063651742115326e-08,1.0
0.0,1.0,1.6456482399007655e-08,1.0
0.0,1.0,1.6008412373480496e-08,1.0
0.0,1.0,1.5887227533539772e-08,1.0
0.0,1.0,1.6266712421497687e-08,1.0
0.0,1.0,1.6054555018740757e-08,1.0
0.0,1.0,1.6402458058450975e-08,1.0
0.0,1.0,1.59837600932633e-08,1.0
0.0,1.0,1.5963104615934753e-08,1.0
0.0,1.0,1.605795318937453e-08,1.0
0.0,1.0,1.6680122172374467e-08,1.0
0.0,1.0,1.6211888720363277e-08,1.0
0.0,1.0,1.618358957955479e-08,1.0
0.0,1.0,1.5899415117814897e-08,1.0
0.0,1.0,1.616276712468334e-08,1.0
0.0,1.0,7.244060783268428e-24,1.0
0.0,1.0,1.6050298867753554e-08,1.0
0.0,1.0,1.6134213964846822e-08,1.0
0.0,1.0,1.6133292035647173e-08,1.0
0.0,1.0,1.599995691492495e-08,1.0
0.0,1.0,1.6278413283998816e-08,1.0
0.0,1.0,1.6328478125160473e-08,1.0
0.0,1.0,1.6683303627473833e-08,1.0
0.0,1.0,1.5966971744774128e-08,1.0
0.0,1.0,1.6372670330611072e-08,1.0
0.0,1.0,1.716227160386552e-08,1.0
0.0,1.0,1.6195571106436546e-08,1.0
0.0,1.0,1.6569266847454855e-08,1.0
0.0,1.0,1.62526330171886e-08,1.0
0.0,1.0,1.65296842880025e-08,1.0
0.0,1.0,1.6153181903177938e-08,1.0
0.0,1.0,1.6282356796182285e-08,1.0
0.0,1.0,2.4663098230348623e-08,1.0
0.0,1.0,1.6323900453585338e-08,1.0
0.0,1.0,1.6067144059661587e-08,1.0
0.0,1.0,1.6220425891333434e-08,1.0
0.0,1.0,1.6574988492834564e-08,1.0
0.0,1.0,1.6093398613747922e-08,1.0
0.0,1.0,1.612092503933127e-08,1.0
0.0,1.0,1.6079255260592618e-08,1.0
0.0,1.0,1.6088181453710604e-08,1.0
0.0,1.0,1.6042035255736664e-08,1.0
0.0,1.0,1.6584191797619496e-08,1.0
0.0,1.0,1.5940225139843278e-08,1.0
0.0,1.0,1.6616359843624195e-08,1.0
0.0,1.0,1.6023198767811664e-08,1.0
0.0,1.0,1.6161656901658716e-08,1.0
0.0,1.0,1.6331188845697397e-08,1.0
0.0,1.0,1.6202058361614036e-08,1.0
0.0,1.0,3.1087708998032925e-31,1.0
0.0,1.0,1.6240981892678974e-08,1.0
0.0,1.0,1.6387822654451156e-08,1.0
0.0,1.0,1.619807221686642e-08,1.0
0.0,1.0,1.610119682027289e-08,1.0
0.0,1.0,7.681930814262101e-32,1.0
0.0,1.0,1.6086156406913688e-08,1.0
0.0,1.0,1.6054585216807027e-08,1.0
0.0,1.0,1.6100644373295836e-08,1.0
0.0,1.0,1.5780379669649847e-08,1.0
0.0,1.0,1.6487931020492397e-08,1.0
0.0,1.0,1.6165294880465808e-08,1.0
0.0,1.0,1.6124369395242866e-08,1.0
0.0,1.0,1.6531828350707656e-08,1.0
0.0,1.0,1.5890986304611943e-08,1.0
0.0,1.0,1.609358335485922e-08,1.0
0.0,1.0,0.0,1.0
0.0,1.0,1.6149607873217064e-08,1.0
0.0,1.0,1.654993830868534e-08,1.0
0.0,1.0,1.6361431320888187e-08,1.0
0.0,1.0,1.6461662255551346e-08,1.0
0.0,1.0,1.643979175014465e-08,1.0
0.0,1.0,1.6519598133868385e-08,1.0
0.0,1.0,1.647284264549853e-08,1.0
0.0,1.0,1.61168056678207e-08,1.0
0.0,1.0,1.595902432427465e-08,1.0
0.0,1.0,1.6216217701980895e-08,1.0
0.0,1.0,1.599403809393607e-08,1.0
0.0,1.0,1.6469638097760253e-08,1.0
0.0,1.0,0.0,1.0
0.0,1.0,1.6270064406853635e-08,1.0
0.0,1.0,1.6189177998171544e-08,1.0
0.0,1.0,1.6501648048006246e-08,1.0
0.0,1.0,1.609852517958643e-08,1.0
0.0,1.0,1.601091703662405e-08,1.0
0.0,1.0,1.5757100513269506e-08,1.0
0.0,1.0,1.5989066071142588e-08,1.0
0.0,1.0,1.5982235979095094e-08,1.0
0.0,1.0,1.6006733716267263e-08,1.0
0.0,1.0,1.62337965292636e-08,1.0
0.0,1.0,1.6061077801055035e-08,1.0
0.0,1.0,1.637213919991609e-08,1.0
0.0,1.0,0.0,1.0
0.0,1.0,1.6164216631864292e-08,1.0
0.0,1.0,1.6436938921060573e-08,1.0
0.0,1.0,1.617177147750226e-08,1.0
0.0,1.0,1.6578340478190512e-08,1.0
0.0,1.0,1.6182816864329652e-08,1.0
0.0,1.0,1.6746364295272542e-08,1.0
0.0,1.0,1.639879698700497e-08,1.0
0.0,1.0,1.6749016396033767e-08,1.0
0.0,1.0,1.6391979329455353e-08,1.0
0.0,1.0,1.612086464319873e-08,1.0
0.0,1.0,1.5931258090517986e-08,1.0
0.0,1.0,1.674764149584007e-08,1.0
0.0,1.0,1.6271304303927536e-08,1.0
0.0,1.0,1.635419266676763e-08,1.0
0.0,1.0,1.617272715748186e-08,1.0
0.0,1.0,1.627887868949074e-08,1.0
0.0,1.0,1.6084008791494853e-08,1.0
0.0,1.0,1.6227975407900885e-08,1.0
0.0,1.0,1.608597166580239e-08,1.0
0.0,1.0,1.605777022462007e-08,1.0
0.0,1.0,1.6108263167780024e-08,1.0
0.0,1.0,1.6585140372171736e-08,1.0
0.0,1.0,1.6578056261096208e-08,1.0
0.0,1.0,1.6118589130087457e-08,1.0
0.0,1.0,1.6618198372952975e-08,1.0
0.0,1.0,1.6343216557856977e-08,1.0
0.0,1.0,1.6567307525860997e-08,1.0
0.0,1.0,2.203579008153156e-08,1.0
0.0,1.0,1.4174916650348974e-22,1.0
0.0,1.0,1.661528337137952e-08,1.0
0.0,1.0,1.6503536315326528e-08,1.0
0.0,1.0,4.0323985928125694e-08,0.9999999403953552
0.0,1.0,1.633520696486812e-08,1.0
0.0,1.0,1.637054580783115e-08,1.0
0.0,1.0,1.666320592619286e-08,1.0
0.0,1.0,1.6130892177557143e-08,1.0
0.0,1.0,1.6181243012169944e-08,1.0
0.0,1.0,0.0,1.0
0.0,1.0,1.623441470144371e-08,1.0
0.0,1.0,1.6225840226979926e-08,1.0
0.0,1.0,1.729958221119432e-08,1.0
0.0,1.0,1.6141170178229913e-08,1.0
0.0,1.0,1.5985406776053424e-08,1.0
0.0,1.0,1.674029626030915e-08,1.0
0.0,1.0,1.6269318336981087e-08,1.0
0.0,1.0,1.6341346054105088e-08,1.0
0.0,1.0,1.611600630724297e-08,1.0
0.0,1.0,1.6348080222883254e-08,1.0
0.0,1.0,1.6203356878463637e-08,1.0
0.0,1.0,1.5901932215456327e-08,1.0
0.0,1.0,1.6873297425945566e-08,1.0
0.0,1.0,1.6065550667576645e-08,1.0
0.0,1.0,1.6184792173135065e-08,1.0
0.0,1.0,1.588080600356534e-08,1.0
0.0,1.0,1.6322220020015266e-08,1.0
0.0,1.0,1.6996816398773262e-08,1.0
0.0,1.0,1.630165513688553e-08,1.0
0.0,1.0,1.6110719869288914e-08,1.0
0.0,1.0,1.6332496244331196e-08,1.0
0.0,1.0,1.650542635900365e-08,1.0
0.0,1.0,0.0,1.0
0.0,1.0,1.649541836457047e-08,1.0
0.0,1.0,1.627695489503367e-08,1.0
0.0,1.0,1.6419578585669115e-08,1.0
0.0,1.0,1.6017086323927288e-08,1.0
0.0,1.0,1.6127506441421247e-08,1.0
0.0,1.0,1.629904389233161e-08,1.0
0.0,1.0,1.636879787270118e-08,1.0
0.0,1.0,1.5993336432984506e-08,1.0
0.0,1.0,1.6238287159353604e-08,1.0
0.0,1.0,1.638416513571883e-08,1.0
0.0,1.0,1.610184341416243e-08,1.0
0.0,1.0,1.571258028557548e-17,1.0
0.0,1.0,1.5871782110821187e-08,1.0
0.0,1.0,1.6462886165413693e-08,1.0
0.0,1.0,1.5986962864644738e-08,1.0
0.0,1.0,1.616048628250155e-08,1.0
0.0,1.0,1.677232042140986e-08,1.0
0.0,1.0,0.0,1.0
0.0,1.0,1.7246605921172886e-08,1.0
0.0,1.0,1.6300814920100493e-08,1.0
0.0,1.0,1.7195201706954322e-08,1.0
0.0,1.0,1.6509204670001054e-08,1.0
0.0,1.0,1.636308510910567e-08,1.0
0.0,1.0,1.6030963223556682e-08,1.0
0.0,1.0,1.6051830087349117e-08,1.0
0.0,1.0,1.673333827056922e-08,1.0
0.0,1.0,1.638872859643925e-08,1.0
0.0,1.0,1.5930437413658183e-08,1.0
0.0,1.0,1.6428288063252694e-08,1.0
0.0,1.0,1.5979980005909056e-08,1.0
0.0,1.0,1.6380415246430857e-08,1.0
0.0,1.0,1.6841820382751393e-08,1.0
0.0,1.0,1.8516299677351185e-22,1.0
0.0,1.0,1.6182477580173327e-08,1.0
0.0,1.0,1.643718938737493e-08,1.0
0.0,1.0,1.6333057573092447e-08,1.0
0.0,1.0,1.620885825559526e-08,1.0
0.0,1.0,0.0,1.0
0.0,1.0,1.6618610487739716e-08,1.0
0.0,1.0,1.6024849003315467e-08,1.0
0.0,1.0,1.6067328800772884e-08,1.0
0.0,1.0,0.0,1.0
0.0,1.0,3.092092450462843e-17,1.0
0.0,1.0,1.615900657725433e-08,1.0
0.0,1.0,1.598455412477051e-08,1.0
0.0,1.0,1.6043594897041658e-08,1.0
0.0,1.0,1.60515227776159e-08,1.0
0.0,1.0,0.0,1.0
0.0,1.0,1.6366113797516846e-08,1.0
0.0,1.0,1.609118882583971e-08,1.0
0.0,1.0,1.6121848744887757e-08,1.0
0.0,1.0,1.666136206779356e-08,1.0
0.0,1.0,1.608505151295958e-08,1.0
0.0,1.0,1.6234013244798007e-08,1.0
0.0,1.0,1.6049472861823233e-08,1.0
0.0,1.0,1.7104234473208635e-08,1.0
0.0,1.0,1.5906360673056952e-08,1.0
0.0,1.0,1.6358747245703853e-08,1.0
0.0,1.0,1.631699042548007e-08,1.0
0.0,1.0,1.6166035621267838e-08,1.0
0.0,1.0,1.628080426030465e-08,1.0
0.0,1.0,1.7497296056490086e-08,1.0
0.0,1.0,1.607119060054174e-08,1.0
0.0,1.0,1.6307843964114e-08,1.0
0.0,1.0,1.5998400826333636e-08,1.0
0.0,1.0,1.597949328413506e-08,1.0
0.0,1.0,1.6578056261096208e-08,1.0
0.0,1.0,1.6027110305572023e-08,1.0
0.0,1.0,1.6823776149976766e-08,1.0
0.0,1.0,1.6099907185207485e-08,1.0
0.0,1.0,1.6020447191067433e-08,1.0
0.0,1.0,1.6197239105508743e-08,1.0
0.0,1.0,1.6493970633746358e-08,1.0
0.0,1.0,1.6649480016894813e-08,1.0
0.0,1.0,1.6307033945395233e-08,1.0
0.0,1.0,1.627360113332088e-08,1.0
0.0,1.0,1.6142310599320808e-08,1.0
0.0,1.0,1.728124665589803e-08,1.0
0.0,1.0,1.629845236550409e-08,1.0
0.0,1.0,1.6337294184154416e-08,1.0
0.0,1.0,1.6336079156076266e-08,1.0
0.0,1.0,1.5889016324877048e-08,1.0
0.0,1.0,1.6656278134519198e-08,1.0
0.0,1.0,1.641544500330383e-08,1.0
0.0,1.0,1.6062793761761895e-08,1.0
0.0,1.0,1.5962982047312835e-08,1.0
0.0,1.0,1.677062577698507e-08,1.0
0.0,1.0,4.40319374991426e-23,1.0
0.0,1.0,1.6105067501825943e-08,1.0
0.0,1.0,1.6129414248666762e-08,1.0
0.0,1.0,1.640937341562676e-08,1.0
0.0,1.0,1.604803401278332e-08,1.0
0.0,1.0,1.6028517180188828e-08,1.0
0.0,1.0,1.7061616119917744e-08,1.0
0.0,1.0,1.6212569065032767e-08,1.0
0.0,1.0,1.5867968272686994e-08,1.0
0.0,1.0,1.5909364492472378e-08,1.0
0.0,1.0,1.6419516413179736e-08,1.0
0.0,1.0,1.6105436984048538e-08,1.0
0.0,1.0,1.6280276682323347e-08,1.0
0.0,1.0,1.6097297717010406e-08,1.0
0.0,1.0,1.633891599794879e-08,1.0
0.0,1.0,1.6519535961379006e-08,1.0
0.0,1.0,1.602154853230786e-08,1.0
0.0,1.0,0.0,1.0
0.0,1.0,1.6563010518666488e-08,1.0
0.0,1.0,2.2178140213213737e-08,1.0
0.0,1.0,1.5979097156559874e-08,1.0
0.0,1.0,1.64251865442111e-08,1.0
0.0,1.0,1.6254492862799452e-08,1.0
0.0,1.0,1.661889648119086e-08,1.0
0.0,1.0,1.6157157389784516e-08,1.0
0.0,1.0,0.0,1.0
0.0,1.0,1.597108401085734e-08,1.0
0.0,1.0,1.608514388351523e-08,1.0
0.0,1.0,1.6327794227777304e-08,1.0
0.0,1.0,1.6010488934625755e-08,1.0
0.0,1.0,1.6564401406071738e-08,1.0
0.0,1.0,1.618735545605432e-08,1.0
0.0,1.0,1.649073055887129e-08,1.0
0.0,1.0,1.6221910925651173e-08,1.0
0.0,1.0,1.6135292213448338e-08,1.0
0.0,1.0,1.6312913686533648e-08,1.0
0.0,1.0,6.23762380722731e-14,1.0
0.0,1.0,1.6000690550299623e-08,1.0
0.0,1.0,0.0,1.0
0.0,1.0,1.656199977162487e-08,1.0
0.0,1.0,1.5978944389871685e-08,1.0
0.0,1.0,1.6047573936361914e-08,1.0
0.0,1.0,1.6675478775596275e-08,1.0
0.0,1.0,1.7589416145824543e-08,1.0
0.0,1.0,2.843603315417518e-20,1.0
0.0,1.0,1.621726930522982e-08,1.0
0.0,1.0,1.6077137843240052e-08,1.0
0.0,1.0,1.6143264502943566e-08,1.0
0.0,1.0,1.6356439758169472e-08,1.0
0.0,1.0,1.6141047609607995e-08,1.0
0.0,1.0,1.635899771201821e-08,1.0
0.0,1.0,1.697336138306582e-08,1.0
0.0,1.0,1.726661835732557e-08,1.0
0.0,1.0,1.616581890573343e-08,1.0
0.0,1.0,1.622618128749309e-08,1.0
0.0,1.0,1.615136469013123e-08,1.0
0.0,1.0,1.6202120534103415e-08,1.0
0.0,1.0,1.6400798941162975e-08,1.0
0.0,1.0,1.6170814021165825e-08,1.0
0.0,1.0,1.6038546490904082e-08,1.0
0.0,1.0,1.6430011129386912e-08,1.0
0.0,1.0,1.5934054076183202e-08,1.0
0.0,1.0,1.609935473823043e-08,1.0
0.0,1.0,1.6322314166927754e-08,1.0
0.0,1.0,1.6863356933072282e-08,1.0
0.0,1.0,1.6200203845073702e-08,1.0
0.0,1.0,1.5414356013820907e-08,1.0
0.0,1.0,6.862631865207903e-29,1.0
0.0,1.0,1.5300237521387317e-08,1.0
0.0,1.0,1.5733254699057397e-08,1.0
0.0,1.0,1.5381932172431334e-08,1.0
0.0,1.0,1.565411089643476e-08,1.0
0.0,1.0,1.5408977205311203e-08,1.0
0.0,1.0,1.5294109090291386e-08,1.0
0.0,1.0,1.581967623565106e-08,1.0
0.0,1.0,1.5399722386177928e-08,1.0
0.0,1.0,1.549843631210024e-08,1.0
0.0,1.0,1.5489598936824223e-08,1.0
0.0,1.0,1.538680294288497e-08,1.0
0.0,1.0,2.5073668464467813e-27,1.0
0.0,1.0,1.5828549138063863e-08,1.0
0.0,1.0,1.5398194719296043e-08,1.0
0.0,1.0,1.583984499120561e-08,1.0
0.0,1.0,1.5512098272552066e-08,1.0
0.0,1.0,0.0,1.0
0.0,1.0,2.4068295322228308e-32,1.0
0.0,1.0,1.543341987542135e-08,1.0
0.0,1.0,1.537149252328618e-08,1.0
0.0,1.0,1.5505058570397523e-08,1.0
0.0,1.0,0.0,1.0
0.0,1.0,1.5446818935060946e-08,1.0
0.0,1.0,1.5392146224257885e-08,1.0
0.0,1.0,1.545586769680085e-08,1.0
0.0,1.0,1.538750815655021e-08,1.0
0.0,1.0,1.3986151776781354e-17,1.0
0.0,1.0,1.555921258500348e-08,1.0
0.0,1.0,1.6285669211925693e-17,1.0
0.0,1.0,5.103416435337903e-29,1.0
0.0,1.0,0.0,1.0
0.0,1.0,0.0,1.0
0.0,1.0,0.0,1.0
0.0,1.0,0.0,1.0
0.0,1.0,1.548705874654388e-08,1.0
0.0,1.0,1.6445599103291262e-19,1.0
0.0,1.0,1.5356839355717966e-08,1.0
0.0,1.0,0.0,1.0
0.0,1.0,1.560194640148893e-08,1.0
0.0,1.0,1.5537327868742068e-08,1.0
0.0,1.0,6.067145399866335e-28,1.0
0.0,1.0,0.0,1.0
0.0,1.0,0.0,1.0
0.0,1.0,0.0,1.0
0.0,1.0,1.5734395120148292e-08,1.0
0.0,1.0,0.0,1.0
0.0,1.0,0.0,1.0
0.0,1.0,0.0,1.0
0.0,1.0,0.0,1.0
0.0,1.0,0.0,1.0
0.0,1.0,0.0,1.0
0.0,1.0,0.0,1.0
0.0,1.0,0.0,1.0
0.0,1.0,5.537455237690291e-33,1.0
0.0,1.0,1.5591831825645386e-08,1.0
0.0,1.0,1.5647543705199496e-08,1.0
0.0,1.0,2.6295749072621854e-18,1.0
0.0,1.0,4.354002835355031e-12,1.0
0.0,1.0,1.5578574874552942e-08,1.0
0.0,1.0,1.5646440587602228e-08,1.0
0.0,1.0,1.5544204146067386e-08,1.0
0.0,1.0,1.5326552471606192e-08,1.0
0.0,1.0,1.536612792563119e-08,1.0
0.0,1.0,1.5272071607341786e-08,1.0
0.0,1.0,2.0839200587374762e-08,1.0
0.0,1.0,1.542012029176476e-08,1.0
0.0,1.0,1.5607303893716562e-08,1.0
0.0,1.0,1.5519468377078738e-08,1.0
0.0,1.0,1.5407096043418278e-08,1.0
0.0,1.0,3.64834482069476e-11,1.0
0.0,1.0,0.0,1.0
0.0,1.0,2.2729063910934683e-13,1.0
0.0,1.0,1.5406303788267905e-08,1.0
0.0,1.0,1.5496366856382338e-08,1.0
0.0,1.0,1.5286877541598187e-08,1.0
0.0,1.0,1.5023376320755233e-08,1.0
0.0,1.0,1.5562003241598177e-08,1.0
0.0,1.0,1.5493647254061216e-08,1.0
0.0,1.0,8.917342837186209e-26,1.0
0.0,1.0,1.552849937525025e-08,1.0
0.0,1.0,1.543268446368984e-08,1.0
0.0,1.0,1.546135131036408e-08,1.0
0.0,1.0,1.5474125092396207e-08,1.0
0.0,1.0,2.031558775372755e-11,1.0
0.0,1.0,6.473994229594382e-09,1.0
0.0,1.0,1.5612782178209272e-08,1.0
0.0,1.0,1.557019757569833e-08,1.0
0.0,1.0,1.575193131486685e-08,1.0
0.0,1.0,3.4343419361524557e-16,1.0
0.0,1.0,1.5379468365495086e-08,1.0
0.0,1.0,5.1616413271652565e-15,1.0
0.0,1.0,1.5279415066515867e-08,1.0
0.0,1.0,1.568040808308524e-08,1.0
0.0,1.0,1.5423120558466508e-08,1.0
0.0,1.0,1.57995927452248e-08,1.0
0.0,1.0,1.5464594937952825e-08,1.0
0.0,1.0,2.705136466829572e-06,0.9999971389770508
0.0,1.0,1.5274110864993418e-08,1.0
0.0,1.0,2.56608946074266e-05,0.9999728202819824
0.0,1.0,5.2781117119593546e-05,0.9999442100524902
0.0,1.0,2.1855548482108134e-08,1.0
0.0,1.0,1.5311972134668395e-08,1.0
0.0,1.0,1.546798777951608e-08,1.0
0.0,1.0,0.002688210690394044,0.9972631931304932
0.0,1.0,1.539995686528073e-08,1.0
0.0,1.0,7.52514231483481e-11,1.0
0.0,1.0,1.5286584442719686e-08,1.0
0.0,1.0,1.536044180738827e-08,1.0
0.0,1.0,1.5491874449935494e-08,1.0
0.0,1.0,1.5364690852948115e-08,1.0
0.0,1.0,1.5824685561938168e-08,1.0
0.0,1.0,2.3404908233715105e-08,1.0
0.0,1.0,6.474774494336089e-08,0.9999999403953552
0.0,1.0,1.5439603373579303e-08,1.0
0.0,1.0,1.5482125803600866e-08,1.0
0.0,1.0,1.545424588300648e-08,1.0
0.0,1.0,1.5496219418764667e-08,1.0
0.0,1.0,1.5542010345370727e-08,1.0
0.0,1.0,1.5343957215918635e-08,1.0
0.0,1.0,1.5425591470830113e-08,1.0
0.0,1.0,1.5465834835026726e-08,1.0
0.0,1.0,1.5467309211203428e-08,1.0
0.0,1.0,3.4320862935076093e-25,1.0
0.0,1.0,1.5416738108342543e-08,1.0
0.0,1.0,1.5373192496781485e-08,1.0
0.0,1.0,1.5483426096807307e-08,1.0
0.0,1.0,4.306295175050129e-14,1.0
0.0,1.0,1.5471735892447214e-08,1.0
0.0,1.0,1.5396256713984258e-08,1.0
0.0,1.0,1.5330149594205977e-08,1.0
0.0,1.0,1.5584102897037155e-08,1.0
0.0,1.0,1.1767604035303747e-12,1.0
0.0,1.0,2.3767338097613333e-10,1.0
0.0,1.0,1.4987771024266294e-08,1.0
0.0,1.0,1.5436423694836776e-08,1.0
0.0,1.0,1.5546042675396166e-08,1.0
0.0,1.0,1.5444580725443302e-08,1.0
0.0,1.0,1.5367417560696595e-08,1.0
0.0,1.0,1.558766982157067e-08,1.0
0.0,1.0,1.5326056868048e-08,1.0
0.0,1.0,1.539079619305994e-08,1.0
0.0,1.0,1.553045336777359e-08,1.0
0.0,1.0,1.538117011534723e-08,1.0
0.0,1.0,1.5390972052387042e-08,1.0
0.0,1.0,1.5452094714873965e-08,1.0
0.0,1.0,1.533310189927306e-08,1.0
0.0,1.0,1.5622731552866753e-08,1.0
0.0,1.0,1.546925609829941e-08,1.0
0.0,1.0,1.5404863162871152e-08,1.0
0.0,1.0,1.5503934136518183e-08,1.0
0.0,1.0,1.626782974994967e-08,1.0
0.0,1.0,1.5855533774811192e-08,1.0
0.0,1.0,0.0,1.0
0.0,1.0,1.535534543961603e-08,1.0
0.0,1.0,1.5539816544674068e-08,1.0
0.0,1.0,1.536633220666772e-08,1.0
0.0,1.0,8.291789322789395e-21,1.0
0.0,1.0,1.5422415344801266e-08,1.0
0.0,1.0,1.537465799117399e-08,1.0
0.0,1.0,3.0070381948354985e-12,1.0
0.0,1.0,1.5576079093193584e-08,1.0
0.0,1.0,1.5403188058371597e-08,1.0
0.0,1.0,1.547799222123558e-08,1.0
0.0,1.0,1.5316413026766895e-08,1.0
0.0,1.0,1.5627351857006033e-08,1.0
0.0,1.0,1.5431389499553916e-08,1.0
0.0,1.0,1.5550609688830264e-08,1.0
0.0,1.0,1.5697105837375602e-08,1.0
0.0,1.0,1.5392380703360686e-08,1.0
0.0,1.0,1.5311798051698133e-08,1.0
0.0,1.0,1.5421354859768144e-08,1.0
0.0,1.0,1.5385511531462726e-08,1.0
0.0,1.0,1.537735627721304e-08,1.0
0.0,1.0,1.5370201111863935e-08,1.0
0.0,1.0,1.5504408423794303e-08,1.0
0.0,1.0,4.640979027802134e-19,1.0
0.0,1.0,0.0010064954403787851,0.9989497661590576
0.0,1.0,0.0008847462595440447,0.9990705847740173
0.0,1.0,1.4637229206471147e-08,1.0
0.0,1.0,0.00022037571761757135,0.9997746348381042
0.0,1.0,1.4662265179765654e-08,1.0
0.0,1.0,1.463591736694525e-08,1.0
0.0,1.0,1.4636168721438025e-08,1.0
0.0,1.0,1.4636782452726038e-08,1.0
0.0,1.0,1.4637453027432912e-08,1.0
0.0,1.0,1.4904131262483133e-08,1.0
0.0,1.0,0.0004894044832326472,0.9994974136352539
0.0,1.0,1.464074728119158e-08,1.0
0.0,1.0,3.0177311316492705e-08,0.9999999403953552
0.0,1.0,0.0003790648188441992,0.9996123909950256
0.0,1.0,1.463787135946859e-08,1.0
0.0,1.0,1.4656952984637428e-08,1.0
0.0,1.0,1.4635805456464368e-08,1.0
0.0,1.0,5.121441404298821e-08,0.9999999403953552
0.0,1.0,1.4637508982673353e-08,1.0
0.0,1.0,1.4639240042413348e-08,1.0
0.0,1.0,1.4658099622977261e-08,1.0
0.0,1.0,1.4636559519942693e-08,1.0
0.0,1.0,1.4643763535104881e-08,1.0
0.0,1.0,1.4640691325951138e-08,1.0
0.0,1.0,1.4638122713961366e-08,1.0
0.0,1.0,1.4647563162384358e-08,1.0
0.0,1.0,1.4637759448987708e-08,1.0
0.0,1.0,1.464370757986444e-08,1.0
0.0,1.0,4.005140965546161e-07,0.9999995827674866
0.0,1.0,0.0003248444409109652,0.9996676445007324
0.0,1.0,5.96826765786318e-08,0.9999999403953552
0.0,1.0,1.4638569467706475e-08,1.0
0.0,1.0,1.463588894523582e-08,1.0
0.0,1.0,1.4638625422946916e-08,1.0
0.0,1.0,9.98605020515069e-31,1.0
0.0,1.0,8.157138609021786e-07,0.9999991655349731
0.0,1.0,1.4635666012452475e-08,1.0
0.0,1.0,1.4687680405245374e-08,1.0
0.0,1.0,1.4636224676678466e-08,1.0
0.0,1.0,1.0869567290683335e-07,0.9999998807907104
0.0,1.0,1.4636726497485597e-08,1.0
0.0,1.0,1.4635610057212034e-08,1.0
0.0,1.0,3.879039923049277e-06,0.9999959468841553
0.0,1.0,1.4673008585930347e-08,1.0
0.0,1.0,1.4637787870697139e-08,1.0
0.0,1.0,1.4639853773701361e-08,1.0
0.0,1.0,9.009349355437735e-08,0.9999998807907104
0.0,1.0,1.4638625422946916e-08,1.0
0.0,1.0,1.4635666012452475e-08,1.0
0.0,1.0,1.4637229206471147e-08,1.0
0.0,1.0,1.4658462887950918e-08,1.0
0.0,1.0,1.4643428691840654e-08,1.0
0.0,1.0,1.4637201672940137e-08,1.0
0.0,1.0,1.4635498146731152e-08,1.0
0.0,1.0,1.463781540422815e-08,1.0
0.0,1.0,1.4636224676678466e-08,1.0
0.0,1.0,1.4636782452726038e-08,1.0
0.0,1.0,1.4673876336246394e-08,1.0
0.0,1.0,1.4635554101971593e-08,1.0
0.0,1.0,1.1154467216556441e-07,0.9999998807907104
0.0,1.0,1.4635973322185691e-08,1.0
0.0,1.0,1.4636643008714145e-08,1.0
0.0,1.0,1.4637257628180578e-08,1.0
0.0,1.0,5.393948399046167e-08,0.9999999403953552
0.0,1.0,3.7238287120544555e-08,0.9999999403953552
0.0,1.0,1.4666740710822523e-08,1.0
0.0,1.0,1.9483493929328688e-08,1.0
0.0,1.0,1.4635944900476261e-08,1.0
0.0,1.0,6.113743205812296e-15,1.0
0.0,1.0,1.463683840796648e-08,1.0
0.0,1.0,0.0,1.0
0.0,1.0,1.4638513512466034e-08,1.0
0.0,1.0,1.4636280631918908e-08,1.0
0.0,1.0,1.4637117295990265e-08,1.0
0.0,1.0,1.4740836107307587e-08,1.0
0.0,1.0,1.4636140299728595e-08,1.0
0.0,1.0,1.4636977851978372e-08,1.0
0.0,1.0,1.6084806375715743e-08,1.0
0.0,1.0,1.4636559519942693e-08,1.0
0.0,1.0,1.4648959378860127e-08,1.0
0.0,1.0,2.7520497880573203e-08,1.0
0.0,1.0,1.3320541825123655e-07,0.9999998807907104
0.0,1.0,1.4640636258889117e-08,1.0
0.0,1.0,1.464373600157387e-08,1.0
0.0,1.0,1.4640636258889117e-08,1.0
0.0,1.0,1.4647953960889026e-08,1.0
0.0,1.0,1.7356517219013767e-06,0.9999982118606567
0.0,1.0,2.121959953404713e-27,1.0
0.0,1.0,2.742220139850815e-08,1.0
0.0,1.0,1.4636085232666574e-08,1.0
0.0,1.0,1.2805496218959433e-08,1.0
0.0,1.0,1.477793976079056e-08,1.0
0.0,1.0,2.2172095270889258e-07,0.9999997615814209
0.0,1.0,1.4644824908316423e-08,1.0
0.0,1.0,1.4641920564884003e-08,1.0
0.0,1.0,1.1661143872743196e-07,0.9999998807907104
0.0,1.0,1.4668447789745187e-08,1.0
0.0,1.0,1.4646556856234838e-08,1.0
0.0,1.0,3.5499972000252455e-05,0.9999634027481079
0.0,1.0,1.4637787870697139e-08,1.0
0.0,1.0,1.46354146579597e-08,1.0
0.0,1.0,4.1903760461536876e-08,0.9999999403953552
0.0,1.0,1.4636168721438025e-08,1.0
0.0,1.0,1.4653151581001111e-08,1.0
0.0,1.0,1.4649826240997754e-08,1.0
0.0,1.0,2.013888433793909e-08,1.0
0.0,1.0,1.4637731915456698e-08,1.0
0.0,1.0,1.4635833878173798e-08,1.0
0.0,1.0,1.4638010803480483e-08,1.0
0.0,1.0,1.4633823930410017e-08,1.0
0.0,1.0,1.6257097001926013e-08,1.0
0.0,1.0,1.4640217038675019e-08,1.0
0.0,1.0,1.466153864981834e-08,1.0
0.0,1.0,1.4635973322185691e-08,1.0
0.0,1.0,1.4636977851978372e-08,1.0
0.0,1.0,0.00017978872347157449,0.9998170733451843
0.0,1.0,1.4658714242443693e-08,1.0
0.0,1.0,1.465656129795434e-08,1.0
0.0,1.0,1.4638206202732817e-08,1.0
0.0,1.0,1.4636977851978372e-08,1.0
0.0,1.0,1.4636726497485597e-08,1.0
0.0,1.0,1.743932287467942e-08,1.0
0.0,1.0,1.4655276103781034e-08,1.0
0.0,1.0,2.0781644707312807e-05,0.9999785423278809
0.0,1.0,0.02723921462893486,0.97293621301651
0.0,1.0,1.464030052744647e-08,1.0
0.0,1.0,1.4636335698980929e-08,1.0
0.0,1.0,1.4636280631918908e-08,1.0
0.0,1.0,1.4652647983837142e-08,1.0
0.0,1.0,1.4647478785434487e-08,1.0
0.0,1.0,8.31637692044751e-08,0.9999999403953552
0.0,1.0,1.4636335698980929e-08,1.0
0.0,1.0,1.463639165422137e-08,1.0
0.0,1.0,1.4635944900476261e-08,1.0
0.0,1.0,1.4654828461857505e-08,1.0
0.0,1.0,1.1530337360454723e-06,0.9999988079071045
0.0,1.0,5.901745345113933e-33,1.0
0.0,1.0,1.4636196254969036e-08,1.0
0.0,1.0,1.4638708911718368e-08,1.0
0.0,1.0,1.4642870027614663e-08,1.0
0.0,1.0,1.4636782452726038e-08,1.0
0.0,1.0,1.4694125916037137e-08,1.0
0.0,1.0,6.845262987553724e-07,0.9999992847442627
0.0,1.0,1.4636308165449918e-08,1.0
0.0,1.0,1.4741117659866632e-08,1.0
0.0,1.0,1.4645523904732727e-08,1.0
0.0,1.0,1.4637285161711588e-08,1.0
0.0,1.0,1.4638122713961366e-08,1.0
0.0,1.0,1.4637899781178021e-08,1.0
0.0,1.0,1.4638569467706475e-08,1.0
0.0,1.0,1.4635470613200141e-08,1.0
0.0,1.0,1.463982624017035e-08,1.0
0.0,1.0,1.4642088430605327e-08,1.0
0.0,1.0,4.780296421813546e-06,0.9999951124191284
0.0,1.0,1.463739707219247e-08,1.0
0.0,1.0,1.4636587053473704e-08,1.0
0.0,1.0,1.4636782452726038e-08,1.0
0.0,1.0,1.4635275213947807e-08,1.0
0.0,1.0,1.4637704381925687e-08,1.0
0.0,1.0,1.4637620004975815e-08,1.0
0.0,1.0,4.2010413702463223e-13,1.0
0.0,1.0,1.4655220148540593e-08,1.0
0.0,1.0,1.463784382593758e-08,1.0
0.0,1.0,1.4635973322185691e-08,1.0
0.0,1.0,2.856850154015612e-25,1.0
0.0,1.0,1.5793801564947625e-28,1.0
0.0,1.0,4.458514695215854e-07,0.9999995231628418
0.0,1.0,1.4644378154571314e-08,1.0
0.0,1.0,1.4640439971458363e-08,1.0
0.0,1.0,1.463929510947537e-08,1.0
0.0,1.0,1.4637731915456698e-08,1.0
0.0,1.0,1.463734111695203e-08,1.0
0.0,1.0,1.4676927229118064e-08,1.0
0.0,1.0,1.4640859191672462e-08,1.0
0.0,1.0,7.377505539807316e-07,0.9999992251396179
0.0,1.0,1.149619136865676e-12,1.0
0.0,1.0,1.4637173251230706e-08,1.0
0.0,1.0,1.463689436320692e-08,1.0
0.0,1.0,3.6199343522724803e-10,1.0
0.0,1.0,1.4635777922933357e-08,1.0
0.0,1.0,0.0,1.0
0.0,1.0,1.4636112766197584e-08,1.0
0.0,1.0,1.4660363589769076e-08,1.0
0.0,1.0,1.4640663792420128e-08,1.0
0.0,1.0,1.4636308165449918e-08,1.0
0.0,1.0,1.4635749501223927e-08,1.0
0.0,1.0,4.012479621451348e-05,0.9999591112136841
0.0,1.0,1.4743535281525055e-08,1.0
0.0,1.0,1.4680622939522436e-08,1.0
0.0,1.0,1.4640188616965588e-08,1.0
0.0,1.0,1.4638876777439691e-08,1.0
0.0,1.0,5.23834501109377e-07,0.999999463558197
0.0,1.0,1.4640495926698804e-08,1.0
0.0,1.0,1.4657176805599192e-08,1.0
0.0,1.0,1.4645719303985061e-08,1.0
0.0,1.0,4.621801508619683e-06,0.999995231628418
0.0,1.0,1.4694349736998902e-08,1.0
0.0,1.0,1.4637229206471147e-08,1.0
0.0,1.0,1.041058567352593e-06,0.999998927116394
0.0,1.0,1.4638597889415905e-08,1.0
0.0,1.0,1.4636000855716702e-08,1.0
0.0,1.0,1.4636587053473704e-08,1.0
0.0,1.0,1.4644155221787969e-08,1.0
0.0,1.0,1.4637285161711588e-08,1.0
0.0,1.0,1.4637117295990265e-08,1.0
